Date,Store ID,Product ID,Quantity sold
01/04/2025,S001,P028,20
01/04/2025,S001,P029,18
01/04/2025,S001,P005,12
01/04/2025,S001,P010,15
01/04/2025,S001,P023,7
01/04/2025,S001,P040,19
01/04/2025,S001,P032,7
01/04/2025,S001,P049,3
01/04/2025,S002,P016,8
01/04/2025,S002,P049,14
01/04/2025,S002,P035,14
01/04/2025,S002,P026,1
01/04/2025,S002,P013,3
01/04/2025,S002,P014,4
01/04/2025,S002,P007,15
01/04/2025,S002,P023,6
01/04/2025,S003,P032,5
01/04/2025,S003,P046,11
01/04/2025,S003,P027,19
01/04/2025,S003,P010,6
01/04/2025,S003,P022,1
01/04/2025,S003,P013,14
01/04/2025,S003,P008,16
01/04/2025,S003,P011,4
01/04/2025,S003,P002,20
01/04/2025,S003,P006,13
01/04/2025,S003,P012,5
01/04/2025,S003,P039,15
01/04/2025,S004,P036,14
01/04/2025,S004,P007,10
01/04/2025,S004,P031,13
01/04/2025,S004,P002,10
01/04/2025,S004,P016,7
01/04/2025,S004,P005,5
01/04/2025,S004,P039,8
01/04/2025,S004,P043,16
01/04/2025,S005,P044,12
01/04/2025,S005,P013,4
01/04/2025,S005,P015,18
01/04/2025,S005,P011,20
01/04/2025,S005,P022,20
01/04/2025,S005,P020,14
01/04/2025,S005,P038,12
01/04/2025,S006,P026,4
01/04/2025,S006,P035,5
01/04/2025,S006,P034,8
01/04/2025,S006,P011,18
01/04/2025,S006,P041,14
01/04/2025,S006,P004,16
01/04/2025,S006,P030,4
01/04/2025,S006,P023,1
01/04/2025,S006,P025,7
01/04/2025,S006,P040,1
01/04/2025,S006,P043,1
01/04/2025,S006,P022,15
01/04/2025,S006,P008,14
01/04/2025,S006,P007,6
01/04/2025,S006,P014,10
01/04/2025,S007,P047,11
01/04/2025,S007,P036,6
01/04/2025,S007,P048,14
01/04/2025,S007,P033,6
01/04/2025,S007,P002,20
01/04/2025,S007,P041,4
01/04/2025,S007,P020,17
01/04/2025,S007,P004,9
01/04/2025,S008,P025,18
01/04/2025,S008,P023,7
01/04/2025,S008,P044,1
01/04/2025,S008,P007,1
01/04/2025,S008,P015,20
01/04/2025,S008,P041,6
01/04/2025,S008,P003,14
01/04/2025,S009,P038,13
01/04/2025,S009,P020,2
01/04/2025,S009,P022,7
01/04/2025,S009,P028,11
01/04/2025,S009,P007,7
01/04/2025,S009,P047,3
01/04/2025,S009,P017,16
01/04/2025,S009,P019,13
01/04/2025,S009,P033,16
01/04/2025,S009,P048,10
01/04/2025,S009,P013,8
01/04/2025,S010,P039,4
01/04/2025,S010,P022,18
01/04/2025,S010,P006,4
01/04/2025,S010,P024,12
01/04/2025,S010,P027,18
01/04/2025,S010,P045,11
01/04/2025,S010,P023,18
01/04/2025,S010,P009,14
01/04/2025,S010,P018,17
01/04/2025,S010,P036,16
01/04/2025,S010,P031,18
01/04/2025,S010,P043,9
01/04/2025,S010,P011,16
02/04/2025,S001,P005,7
02/04/2025,S001,P047,18
02/04/2025,S001,P016,7
02/04/2025,S001,P036,3
02/04/2025,S001,P009,14
02/04/2025,S001,P026,2
02/04/2025,S001,P028,7
02/04/2025,S001,P040,19
02/04/2025,S002,P040,8
02/04/2025,S002,P008,1
02/04/2025,S002,P045,15
02/04/2025,S002,P032,19
02/04/2025,S002,P050,11
02/04/2025,S002,P043,12
02/04/2025,S002,P010,19
02/04/2025,S002,P016,1
02/04/2025,S002,P024,11
02/04/2025,S002,P049,16
02/04/2025,S003,P001,19
02/04/2025,S003,P029,20
02/04/2025,S003,P012,5
02/04/2025,S003,P048,1
02/04/2025,S003,P039,6
02/04/2025,S003,P025,7
02/04/2025,S003,P032,16
02/04/2025,S003,P021,2
02/04/2025,S003,P014,3
02/04/2025,S003,P040,14
02/04/2025,S003,P024,16
02/04/2025,S003,P034,20
02/04/2025,S003,P041,7
02/04/2025,S003,P037,1
02/04/2025,S004,P030,11
02/04/2025,S004,P047,9
02/04/2025,S004,P039,12
02/04/2025,S004,P038,16
02/04/2025,S004,P037,12
02/04/2025,S004,P018,7
02/04/2025,S004,P046,20
02/04/2025,S004,P017,16
02/04/2025,S004,P014,5
02/04/2025,S005,P027,17
02/04/2025,S005,P021,15
02/04/2025,S005,P009,16
02/04/2025,S005,P004,18
02/04/2025,S005,P019,1
02/04/2025,S005,P034,15
02/04/2025,S005,P033,11
02/04/2025,S005,P038,18
02/04/2025,S005,P029,4
02/04/2025,S005,P026,8
02/04/2025,S006,P045,2
02/04/2025,S006,P043,8
02/04/2025,S006,P014,19
02/04/2025,S006,P021,5
02/04/2025,S006,P022,11
02/04/2025,S006,P047,4
02/04/2025,S006,P010,12
02/04/2025,S006,P029,9
02/04/2025,S006,P009,20
02/04/2025,S006,P040,4
02/04/2025,S006,P019,8
02/04/2025,S006,P036,14
02/04/2025,S006,P033,19
02/04/2025,S007,P011,2
02/04/2025,S007,P019,6
02/04/2025,S007,P003,5
02/04/2025,S007,P001,5
02/04/2025,S007,P048,6
02/04/2025,S007,P038,20
02/04/2025,S007,P050,13
02/04/2025,S007,P014,4
02/04/2025,S007,P024,20
02/04/2025,S007,P020,4
02/04/2025,S007,P028,3
02/04/2025,S007,P007,12
02/04/2025,S007,P022,5
02/04/2025,S008,P036,12
02/04/2025,S008,P004,10
02/04/2025,S008,P038,9
02/04/2025,S008,P019,18
02/04/2025,S008,P002,4
02/04/2025,S008,P016,9
02/04/2025,S008,P005,4
02/04/2025,S008,P012,10
02/04/2025,S008,P043,10
02/04/2025,S008,P009,20
02/04/2025,S009,P038,5
02/04/2025,S009,P008,14
02/04/2025,S009,P029,14
02/04/2025,S009,P010,15
02/04/2025,S009,P013,16
02/04/2025,S009,P023,8
02/04/2025,S009,P016,13
02/04/2025,S009,P003,18
02/04/2025,S009,P019,5
02/04/2025,S009,P025,8
02/04/2025,S010,P026,7
02/04/2025,S010,P017,2
02/04/2025,S010,P007,5
02/04/2025,S010,P027,12
02/04/2025,S010,P047,16
02/04/2025,S010,P033,9
02/04/2025,S010,P004,11
02/04/2025,S010,P034,6
03/04/2025,S001,P013,6
03/04/2025,S001,P047,14
03/04/2025,S001,P009,5
03/04/2025,S001,P024,5
03/04/2025,S001,P014,9
03/04/2025,S001,P012,14
03/04/2025,S001,P028,8
03/04/2025,S001,P042,13
03/04/2025,S002,P030,16
03/04/2025,S002,P001,2
03/04/2025,S002,P032,5
03/04/2025,S002,P004,11
03/04/2025,S002,P046,11
03/04/2025,S002,P021,11
03/04/2025,S002,P029,10
03/04/2025,S002,P049,3
03/04/2025,S002,P035,3
03/04/2025,S003,P012,16
03/04/2025,S003,P030,8
03/04/2025,S003,P016,17
03/04/2025,S003,P035,9
03/04/2025,S003,P048,10
03/04/2025,S003,P019,18
03/04/2025,S003,P039,7
03/04/2025,S003,P024,9
03/04/2025,S003,P025,9
03/04/2025,S003,P011,20
03/04/2025,S004,P013,12
03/04/2025,S004,P030,19
03/04/2025,S004,P033,11
03/04/2025,S004,P025,4
03/04/2025,S004,P006,8
03/04/2025,S004,P014,4
03/04/2025,S004,P032,17
03/04/2025,S004,P004,20
03/04/2025,S005,P050,1
03/04/2025,S005,P014,2
03/04/2025,S005,P031,3
03/04/2025,S005,P020,1
03/04/2025,S005,P038,17
03/04/2025,S005,P006,11
03/04/2025,S005,P001,4
03/04/2025,S005,P041,1
03/04/2025,S005,P027,10
03/04/2025,S005,P026,20
03/04/2025,S005,P015,2
03/04/2025,S006,P017,9
03/04/2025,S006,P038,3
03/04/2025,S006,P041,19
03/04/2025,S006,P026,2
03/04/2025,S006,P002,2
03/04/2025,S006,P025,12
03/04/2025,S006,P036,5
03/04/2025,S006,P039,2
03/04/2025,S006,P040,2
03/04/2025,S007,P008,18
03/04/2025,S007,P019,2
03/04/2025,S007,P007,7
03/04/2025,S007,P013,19
03/04/2025,S007,P002,17
03/04/2025,S007,P046,17
03/04/2025,S007,P050,6
03/04/2025,S007,P014,19
03/04/2025,S007,P034,19
03/04/2025,S007,P016,12
03/04/2025,S007,P026,20
03/04/2025,S007,P033,15
03/04/2025,S008,P039,3
03/04/2025,S008,P014,8
03/04/2025,S008,P046,4
03/04/2025,S008,P033,1
03/04/2025,S008,P037,14
03/04/2025,S008,P024,7
03/04/2025,S008,P023,11
03/04/2025,S009,P044,2
03/04/2025,S009,P031,19
03/04/2025,S009,P005,12
03/04/2025,S009,P024,16
03/04/2025,S009,P037,4
03/04/2025,S009,P048,2
03/04/2025,S009,P049,17
03/04/2025,S009,P022,6
03/04/2025,S009,P046,13
03/04/2025,S009,P004,18
03/04/2025,S010,P040,10
03/04/2025,S010,P048,19
03/04/2025,S010,P047,12
03/04/2025,S010,P026,20
03/04/2025,S010,P030,8
04/04/2025,S001,P019,7
04/04/2025,S001,P040,7
04/04/2025,S001,P038,8
04/04/2025,S001,P042,20
04/04/2025,S001,P011,11
04/04/2025,S001,P047,5
04/04/2025,S001,P046,16
04/04/2025,S001,P018,12
04/04/2025,S001,P026,6
04/04/2025,S001,P015,8
04/04/2025,S001,P028,4
04/04/2025,S001,P025,6
04/04/2025,S001,P005,15
04/04/2025,S001,P002,4
04/04/2025,S002,P036,12
04/04/2025,S002,P012,8
04/04/2025,S002,P032,1
04/04/2025,S002,P045,9
04/04/2025,S002,P044,19
04/04/2025,S002,P046,19
04/04/2025,S002,P005,4
04/04/2025,S003,P047,16
04/04/2025,S003,P001,16
04/04/2025,S003,P007,14
04/04/2025,S003,P012,6
04/04/2025,S003,P050,19
04/04/2025,S003,P004,15
04/04/2025,S003,P026,1
04/04/2025,S004,P018,20
04/04/2025,S004,P025,5
04/04/2025,S004,P004,14
04/04/2025,S004,P034,18
04/04/2025,S004,P026,12
04/04/2025,S004,P045,3
04/04/2025,S004,P040,15
04/04/2025,S004,P014,6
04/04/2025,S005,P041,12
04/04/2025,S005,P023,16
04/04/2025,S005,P015,11
04/04/2025,S005,P027,16
04/04/2025,S005,P011,15
04/04/2025,S006,P012,10
04/04/2025,S006,P020,10
04/04/2025,S006,P017,14
04/04/2025,S006,P010,7
04/04/2025,S006,P036,5
04/04/2025,S007,P019,1
04/04/2025,S007,P024,20
04/04/2025,S007,P018,18
04/04/2025,S007,P036,10
04/04/2025,S007,P021,5
04/04/2025,S007,P045,3
04/04/2025,S008,P035,13
04/04/2025,S008,P032,17
04/04/2025,S008,P048,20
04/04/2025,S008,P038,11
04/04/2025,S008,P001,12
04/04/2025,S009,P015,18
04/04/2025,S009,P030,1
04/04/2025,S009,P044,5
04/04/2025,S009,P019,4
04/04/2025,S009,P033,1
04/04/2025,S009,P017,19
04/04/2025,S009,P021,4
04/04/2025,S009,P031,13
04/04/2025,S009,P009,18
04/04/2025,S009,P008,9
04/04/2025,S009,P027,19
04/04/2025,S009,P043,6
04/04/2025,S009,P004,19
04/04/2025,S010,P022,11
04/04/2025,S010,P011,6
04/04/2025,S010,P025,11
04/04/2025,S010,P035,3
04/04/2025,S010,P041,2
04/04/2025,S010,P047,4
04/04/2025,S010,P049,15
04/04/2025,S010,P032,7
05/04/2025,S001,P041,10
05/04/2025,S001,P006,11
05/04/2025,S001,P023,5
05/04/2025,S001,P046,1
05/04/2025,S001,P004,8
05/04/2025,S001,P038,3
05/04/2025,S001,P001,5
05/04/2025,S001,P009,8
05/04/2025,S001,P019,9
05/04/2025,S001,P002,8
05/04/2025,S002,P015,20
05/04/2025,S002,P046,15
05/04/2025,S002,P044,8
05/04/2025,S002,P009,1
05/04/2025,S002,P004,12
05/04/2025,S002,P026,19
05/04/2025,S003,P050,20
05/04/2025,S003,P001,1
05/04/2025,S003,P044,6
05/04/2025,S003,P048,12
05/04/2025,S003,P002,6
05/04/2025,S003,P015,2
05/04/2025,S003,P023,7
05/04/2025,S003,P045,9
05/04/2025,S004,P048,14
05/04/2025,S004,P025,14
05/04/2025,S004,P008,7
05/04/2025,S004,P029,12
05/04/2025,S004,P024,9
05/04/2025,S004,P050,2
05/04/2025,S005,P004,10
05/04/2025,S005,P048,19
05/04/2025,S005,P005,9
05/04/2025,S005,P021,5
05/04/2025,S005,P035,14
05/04/2025,S006,P014,1
05/04/2025,S006,P008,14
05/04/2025,S006,P023,12
05/04/2025,S006,P042,2
05/04/2025,S006,P050,4
05/04/2025,S006,P038,4
05/04/2025,S006,P003,6
05/04/2025,S006,P031,19
05/04/2025,S006,P022,3
05/04/2025,S006,P040,9
05/04/2025,S006,P041,3
05/04/2025,S007,P023,14
05/04/2025,S007,P005,16
05/04/2025,S007,P039,19
05/04/2025,S007,P028,3
05/04/2025,S007,P025,19
05/04/2025,S007,P018,11
05/04/2025,S007,P043,2
05/04/2025,S007,P017,7
05/04/2025,S008,P034,3
05/04/2025,S008,P002,10
05/04/2025,S008,P032,16
05/04/2025,S008,P013,14
05/04/2025,S008,P044,18
05/04/2025,S008,P010,4
05/04/2025,S008,P005,18
05/04/2025,S008,P006,13
05/04/2025,S008,P030,9
05/04/2025,S008,P003,19
05/04/2025,S009,P030,14
05/04/2025,S009,P008,12
05/04/2025,S009,P026,3
05/04/2025,S009,P005,18
05/04/2025,S009,P043,9
05/04/2025,S009,P014,5
05/04/2025,S009,P011,5
05/04/2025,S009,P001,15
05/04/2025,S009,P025,13
05/04/2025,S009,P019,6
05/04/2025,S009,P048,8
05/04/2025,S009,P007,17
05/04/2025,S009,P002,18
05/04/2025,S009,P028,4
05/04/2025,S009,P040,17
05/04/2025,S010,P036,18
05/04/2025,S010,P027,7
05/04/2025,S010,P001,2
05/04/2025,S010,P029,13
05/04/2025,S010,P037,12
05/04/2025,S010,P020,10
05/04/2025,S010,P041,17
05/04/2025,S010,P024,20
06/04/2025,S001,P024,9
06/04/2025,S001,P033,9
06/04/2025,S001,P034,16
06/04/2025,S001,P030,5
06/04/2025,S001,P037,14
06/04/2025,S001,P027,8
06/04/2025,S002,P010,11
06/04/2025,S002,P023,11
06/04/2025,S002,P030,16
06/04/2025,S002,P015,7
06/04/2025,S002,P040,17
06/04/2025,S002,P006,13
06/04/2025,S002,P032,6
06/04/2025,S002,P039,9
06/04/2025,S002,P041,1
06/04/2025,S002,P011,16
06/04/2025,S002,P012,17
06/04/2025,S002,P037,16
06/04/2025,S002,P013,11
06/04/2025,S003,P049,1
06/04/2025,S003,P015,2
06/04/2025,S003,P002,14
06/04/2025,S003,P034,13
06/04/2025,S003,P046,5
06/04/2025,S003,P009,2
06/04/2025,S003,P004,6
06/04/2025,S003,P026,12
06/04/2025,S003,P035,4
06/04/2025,S003,P017,10
06/04/2025,S003,P028,8
06/04/2025,S004,P002,11
06/04/2025,S004,P027,15
06/04/2025,S004,P015,3
06/04/2025,S004,P048,17
06/04/2025,S004,P032,15
06/04/2025,S004,P029,3
06/04/2025,S004,P006,15
06/04/2025,S004,P043,3
06/04/2025,S004,P021,17
06/04/2025,S004,P050,5
06/04/2025,S004,P017,18
06/04/2025,S004,P011,18
06/04/2025,S005,P006,1
06/04/2025,S005,P028,6
06/04/2025,S005,P038,9
06/04/2025,S005,P018,20
06/04/2025,S005,P035,20
06/04/2025,S005,P032,20
06/04/2025,S005,P030,16
06/04/2025,S005,P009,12
06/04/2025,S005,P033,8
06/04/2025,S005,P043,5
06/04/2025,S005,P050,20
06/04/2025,S005,P001,11
06/04/2025,S005,P025,8
06/04/2025,S005,P004,17
06/04/2025,S006,P005,16
06/04/2025,S006,P049,3
06/04/2025,S006,P031,2
06/04/2025,S006,P046,6
06/04/2025,S006,P039,8
06/04/2025,S006,P029,13
06/04/2025,S007,P025,8
06/04/2025,S007,P039,17
06/04/2025,S007,P034,5
06/04/2025,S007,P015,7
06/04/2025,S007,P047,1
06/04/2025,S007,P024,19
06/04/2025,S008,P049,2
06/04/2025,S008,P027,13
06/04/2025,S008,P022,10
06/04/2025,S008,P010,19
06/04/2025,S008,P018,6
06/04/2025,S009,P026,8
06/04/2025,S009,P022,9
06/04/2025,S009,P003,15
06/04/2025,S009,P033,13
06/04/2025,S009,P020,10
06/04/2025,S009,P005,5
06/04/2025,S010,P003,3
06/04/2025,S010,P010,4
06/04/2025,S010,P001,19
06/04/2025,S010,P049,10
06/04/2025,S010,P019,17
06/04/2025,S010,P027,3
06/04/2025,S010,P020,16
06/04/2025,S010,P034,16
06/04/2025,S010,P040,6
06/04/2025,S010,P044,3
06/04/2025,S010,P033,13
06/04/2025,S010,P012,18
07/04/2025,S001,P009,2
07/04/2025,S001,P005,11
07/04/2025,S001,P004,3
07/04/2025,S001,P031,1
07/04/2025,S001,P034,6
07/04/2025,S001,P012,17
07/04/2025,S001,P027,6
07/04/2025,S001,P002,14
07/04/2025,S001,P032,3
07/04/2025,S001,P014,2
07/04/2025,S001,P023,18
07/04/2025,S002,P032,12
07/04/2025,S002,P020,7
07/04/2025,S002,P045,10
07/04/2025,S002,P005,4
07/04/2025,S002,P011,8
07/04/2025,S002,P027,13
07/04/2025,S002,P026,9
07/04/2025,S002,P050,9
07/04/2025,S002,P044,4
07/04/2025,S003,P003,12
07/04/2025,S003,P001,4
07/04/2025,S003,P013,12
07/04/2025,S003,P035,16
07/04/2025,S003,P011,5
07/04/2025,S003,P038,8
07/04/2025,S003,P032,8
07/04/2025,S003,P025,2
07/04/2025,S003,P019,1
07/04/2025,S003,P020,12
07/04/2025,S003,P037,4
07/04/2025,S003,P045,16
07/04/2025,S003,P041,11
07/04/2025,S003,P034,10
07/04/2025,S003,P031,17
07/04/2025,S004,P013,17
07/04/2025,S004,P037,16
07/04/2025,S004,P044,1
07/04/2025,S004,P016,7
07/04/2025,S004,P012,3
07/04/2025,S004,P036,14
07/04/2025,S004,P018,20
07/04/2025,S004,P010,16
07/04/2025,S004,P011,1
07/04/2025,S004,P025,19
07/04/2025,S005,P046,17
07/04/2025,S005,P023,3
07/04/2025,S005,P012,4
07/04/2025,S005,P027,15
07/04/2025,S005,P049,16
07/04/2025,S005,P009,6
07/04/2025,S005,P025,2
07/04/2025,S005,P038,13
07/04/2025,S005,P013,1
07/04/2025,S005,P050,15
07/04/2025,S005,P010,3
07/04/2025,S005,P048,16
07/04/2025,S006,P006,4
07/04/2025,S006,P010,1
07/04/2025,S006,P036,9
07/04/2025,S006,P017,9
07/04/2025,S006,P034,2
07/04/2025,S006,P025,3
07/04/2025,S006,P038,8
07/04/2025,S006,P008,12
07/04/2025,S006,P023,5
07/04/2025,S006,P048,14
07/04/2025,S006,P013,9
07/04/2025,S006,P030,2
07/04/2025,S006,P003,9
07/04/2025,S006,P027,4
07/04/2025,S006,P046,8
07/04/2025,S007,P040,9
07/04/2025,S007,P050,13
07/04/2025,S007,P010,2
07/04/2025,S007,P019,12
07/04/2025,S007,P046,6
07/04/2025,S008,P005,10
07/04/2025,S008,P020,15
07/04/2025,S008,P015,4
07/04/2025,S008,P039,19
07/04/2025,S008,P038,15
07/04/2025,S008,P035,7
07/04/2025,S008,P012,10
07/04/2025,S008,P001,10
07/04/2025,S008,P022,9
07/04/2025,S008,P016,19
07/04/2025,S008,P021,5
07/04/2025,S008,P008,4
07/04/2025,S009,P029,18
07/04/2025,S009,P027,17
07/04/2025,S009,P035,2
07/04/2025,S009,P018,4
07/04/2025,S009,P025,10
07/04/2025,S009,P001,17
07/04/2025,S009,P023,5
07/04/2025,S009,P019,7
07/04/2025,S009,P039,16
07/04/2025,S009,P008,7
07/04/2025,S009,P017,14
07/04/2025,S010,P008,20
07/04/2025,S010,P026,12
07/04/2025,S010,P014,1
07/04/2025,S010,P036,20
07/04/2025,S010,P004,9
07/04/2025,S010,P035,10
07/04/2025,S010,P025,10
07/04/2025,S010,P005,2
07/04/2025,S010,P007,13
07/04/2025,S010,P011,4
07/04/2025,S010,P023,8
07/04/2025,S010,P034,2
07/04/2025,S010,P013,5
07/04/2025,S010,P015,20
08/04/2025,S001,P012,10
08/04/2025,S001,P023,15
08/04/2025,S001,P026,15
08/04/2025,S001,P005,13
08/04/2025,S001,P045,20
08/04/2025,S002,P042,12
08/04/2025,S002,P039,19
08/04/2025,S002,P031,10
08/04/2025,S002,P045,11
08/04/2025,S002,P027,13
08/04/2025,S002,P044,1
08/04/2025,S002,P030,18
08/04/2025,S002,P032,16
08/04/2025,S002,P022,12
08/04/2025,S002,P021,10
08/04/2025,S002,P046,6
08/04/2025,S002,P015,7
08/04/2025,S003,P028,10
08/04/2025,S003,P037,18
08/04/2025,S003,P031,4
08/04/2025,S003,P041,15
08/04/2025,S003,P039,9
08/04/2025,S003,P040,4
08/04/2025,S003,P047,16
08/04/2025,S004,P039,15
08/04/2025,S004,P043,7
08/04/2025,S004,P011,3
08/04/2025,S004,P020,13
08/04/2025,S004,P019,19
08/04/2025,S004,P035,15
08/04/2025,S004,P015,11
08/04/2025,S004,P045,3
08/04/2025,S004,P033,9
08/04/2025,S004,P018,20
08/04/2025,S004,P047,2
08/04/2025,S005,P044,11
08/04/2025,S005,P001,19
08/04/2025,S005,P035,20
08/04/2025,S005,P045,18
08/04/2025,S005,P020,15
08/04/2025,S005,P009,20
08/04/2025,S006,P027,1
08/04/2025,S006,P043,7
08/04/2025,S006,P019,6
08/04/2025,S006,P017,4
08/04/2025,S006,P034,8
08/04/2025,S006,P010,2
08/04/2025,S006,P035,18
08/04/2025,S006,P002,6
08/04/2025,S006,P011,2
08/04/2025,S006,P041,12
08/04/2025,S006,P025,20
08/04/2025,S006,P033,2
08/04/2025,S006,P001,1
08/04/2025,S006,P024,14
08/04/2025,S007,P029,11
08/04/2025,S007,P030,5
08/04/2025,S007,P016,18
08/04/2025,S007,P010,5
08/04/2025,S007,P023,2
08/04/2025,S007,P013,11
08/04/2025,S007,P047,11
08/04/2025,S007,P007,6
08/04/2025,S007,P037,7
08/04/2025,S007,P049,17
08/04/2025,S007,P009,1
08/04/2025,S007,P031,14
08/04/2025,S007,P038,19
08/04/2025,S007,P014,1
08/04/2025,S008,P050,13
08/04/2025,S008,P015,9
08/04/2025,S008,P017,20
08/04/2025,S008,P041,2
08/04/2025,S008,P023,6
08/04/2025,S008,P003,14
08/04/2025,S008,P042,10
08/04/2025,S008,P018,7
08/04/2025,S008,P030,7
08/04/2025,S009,P049,11
08/04/2025,S009,P035,6
08/04/2025,S009,P018,18
08/04/2025,S009,P046,19
08/04/2025,S009,P036,6
08/04/2025,S009,P029,13
08/04/2025,S009,P024,19
08/04/2025,S009,P040,20
08/04/2025,S010,P024,10
08/04/2025,S010,P002,20
08/04/2025,S010,P030,7
08/04/2025,S010,P044,9
08/04/2025,S010,P010,5
08/04/2025,S010,P046,6
08/04/2025,S010,P001,10
08/04/2025,S010,P041,12
08/04/2025,S010,P007,13
08/04/2025,S010,P012,8
09/04/2025,S001,P008,20
09/04/2025,S001,P013,2
09/04/2025,S001,P014,10
09/04/2025,S001,P006,4
09/04/2025,S001,P033,14
09/04/2025,S001,P005,14
09/04/2025,S001,P031,17
09/04/2025,S001,P016,14
09/04/2025,S001,P037,4
09/04/2025,S001,P044,18
09/04/2025,S001,P022,1
09/04/2025,S001,P032,2
09/04/2025,S002,P048,5
09/04/2025,S002,P017,17
09/04/2025,S002,P043,9
09/04/2025,S002,P034,3
09/04/2025,S002,P002,18
09/04/2025,S002,P035,6
09/04/2025,S002,P028,19
09/04/2025,S002,P037,6
09/04/2025,S002,P011,1
09/04/2025,S002,P036,17
09/04/2025,S002,P006,14
09/04/2025,S002,P009,10
09/04/2025,S002,P021,14
09/04/2025,S003,P023,4
09/04/2025,S003,P043,20
09/04/2025,S003,P015,6
09/04/2025,S003,P013,5
09/04/2025,S003,P034,20
09/04/2025,S003,P030,16
09/04/2025,S003,P020,10
09/04/2025,S003,P001,13
09/04/2025,S003,P022,1
09/04/2025,S004,P033,19
09/04/2025,S004,P048,19
09/04/2025,S004,P008,18
09/04/2025,S004,P025,13
09/04/2025,S004,P047,11
09/04/2025,S004,P013,10
09/04/2025,S004,P023,14
09/04/2025,S004,P021,18
09/04/2025,S004,P014,2
09/04/2025,S004,P044,8
09/04/2025,S004,P026,13
09/04/2025,S004,P016,1
09/04/2025,S005,P027,3
09/04/2025,S005,P031,1
09/04/2025,S005,P041,11
09/04/2025,S005,P046,6
09/04/2025,S005,P005,7
09/04/2025,S005,P020,17
09/04/2025,S005,P021,15
09/04/2025,S005,P022,10
09/04/2025,S005,P033,10
09/04/2025,S005,P025,18
09/04/2025,S006,P036,16
09/04/2025,S006,P040,8
09/04/2025,S006,P025,20
09/04/2025,S006,P032,20
09/04/2025,S006,P013,9
09/04/2025,S006,P050,8
09/04/2025,S006,P001,13
09/04/2025,S006,P007,9
09/04/2025,S007,P024,6
09/04/2025,S007,P035,12
09/04/2025,S007,P038,2
09/04/2025,S007,P020,1
09/04/2025,S007,P039,17
09/04/2025,S007,P006,11
09/04/2025,S007,P012,6
09/04/2025,S007,P027,10
09/04/2025,S008,P039,9
09/04/2025,S008,P050,5
09/04/2025,S008,P018,10
09/04/2025,S008,P024,15
09/04/2025,S008,P038,17
09/04/2025,S008,P017,7
09/04/2025,S008,P048,16
09/04/2025,S009,P032,3
09/04/2025,S009,P008,3
09/04/2025,S009,P040,16
09/04/2025,S009,P020,15
09/04/2025,S009,P006,19
09/04/2025,S009,P036,2
09/04/2025,S009,P039,11
09/04/2025,S010,P026,12
09/04/2025,S010,P019,17
09/04/2025,S010,P003,3
09/04/2025,S010,P031,12
09/04/2025,S010,P009,6
09/04/2025,S010,P020,10
09/04/2025,S010,P029,1
10/04/2025,S001,P030,8
10/04/2025,S001,P049,9
10/04/2025,S001,P003,17
10/04/2025,S001,P008,20
10/04/2025,S001,P024,20
10/04/2025,S002,P022,14
10/04/2025,S002,P027,1
10/04/2025,S002,P045,6
10/04/2025,S002,P035,6
10/04/2025,S002,P033,11
10/04/2025,S002,P040,16
10/04/2025,S002,P013,4
10/04/2025,S002,P008,2
10/04/2025,S002,P030,14
10/04/2025,S002,P006,15
10/04/2025,S002,P004,6
10/04/2025,S003,P011,1
10/04/2025,S003,P007,19
10/04/2025,S003,P045,6
10/04/2025,S003,P005,13
10/04/2025,S003,P024,11
10/04/2025,S003,P050,12
10/04/2025,S003,P008,14
10/04/2025,S003,P039,12
10/04/2025,S003,P019,1
10/04/2025,S003,P022,3
10/04/2025,S003,P014,19
10/04/2025,S003,P037,18
10/04/2025,S003,P027,10
10/04/2025,S004,P013,17
10/04/2025,S004,P042,5
10/04/2025,S004,P007,12
10/04/2025,S004,P017,11
10/04/2025,S004,P004,18
10/04/2025,S004,P023,7
10/04/2025,S004,P010,5
10/04/2025,S005,P001,1
10/04/2025,S005,P026,11
10/04/2025,S005,P003,19
10/04/2025,S005,P037,2
10/04/2025,S005,P015,1
10/04/2025,S005,P030,8
10/04/2025,S005,P038,19
10/04/2025,S005,P005,18
10/04/2025,S005,P043,14
10/04/2025,S005,P018,14
10/04/2025,S005,P041,7
10/04/2025,S006,P022,13
10/04/2025,S006,P018,4
10/04/2025,S006,P045,11
10/04/2025,S006,P034,14
10/04/2025,S006,P008,11
10/04/2025,S006,P035,4
10/04/2025,S006,P024,20
10/04/2025,S006,P039,20
10/04/2025,S006,P036,17
10/04/2025,S006,P026,16
10/04/2025,S006,P044,4
10/04/2025,S006,P010,15
10/04/2025,S006,P016,1
10/04/2025,S006,P009,11
10/04/2025,S007,P020,5
10/04/2025,S007,P018,10
10/04/2025,S007,P040,12
10/04/2025,S007,P032,8
10/04/2025,S007,P044,3
10/04/2025,S007,P005,7
10/04/2025,S008,P045,7
10/04/2025,S008,P029,3
10/04/2025,S008,P043,15
10/04/2025,S008,P031,2
10/04/2025,S008,P050,8
10/04/2025,S008,P026,2
10/04/2025,S008,P032,13
10/04/2025,S008,P008,14
10/04/2025,S009,P033,3
10/04/2025,S009,P043,6
10/04/2025,S009,P016,1
10/04/2025,S009,P001,15
10/04/2025,S009,P013,8
10/04/2025,S009,P035,2
10/04/2025,S009,P031,11
10/04/2025,S009,P026,11
10/04/2025,S009,P018,9
10/04/2025,S009,P050,3
10/04/2025,S009,P042,14
10/04/2025,S010,P015,12
10/04/2025,S010,P038,7
10/04/2025,S010,P009,1
10/04/2025,S010,P010,16
10/04/2025,S010,P042,4
10/04/2025,S010,P022,18
10/04/2025,S010,P032,17
10/04/2025,S010,P026,10
10/04/2025,S010,P041,20
10/04/2025,S010,P028,3
10/04/2025,S010,P017,13
10/04/2025,S010,P039,9
10/04/2025,S010,P034,20
10/04/2025,S010,P008,12
10/04/2025,S010,P025,2
11/04/2025,S001,P003,4
11/04/2025,S001,P040,7
11/04/2025,S001,P010,8
11/04/2025,S001,P042,1
11/04/2025,S001,P050,19
11/04/2025,S001,P038,14
11/04/2025,S002,P038,6
11/04/2025,S002,P025,18
11/04/2025,S002,P018,19
11/04/2025,S002,P022,19
11/04/2025,S002,P034,12
11/04/2025,S002,P035,17
11/04/2025,S002,P037,12
11/04/2025,S002,P024,16
11/04/2025,S002,P007,13
11/04/2025,S003,P049,14
11/04/2025,S003,P024,7
11/04/2025,S003,P028,3
11/04/2025,S003,P008,6
11/04/2025,S003,P046,11
11/04/2025,S003,P043,6
11/04/2025,S003,P019,13
11/04/2025,S003,P029,18
11/04/2025,S004,P023,13
11/04/2025,S004,P040,5
11/04/2025,S004,P012,4
11/04/2025,S004,P044,7
11/04/2025,S004,P033,1
11/04/2025,S004,P048,3
11/04/2025,S004,P029,18
11/04/2025,S004,P036,2
11/04/2025,S004,P007,12
11/04/2025,S004,P047,18
11/04/2025,S005,P023,10
11/04/2025,S005,P037,13
11/04/2025,S005,P018,5
11/04/2025,S005,P009,12
11/04/2025,S005,P016,3
11/04/2025,S006,P006,5
11/04/2025,S006,P013,16
11/04/2025,S006,P022,16
11/04/2025,S006,P004,9
11/04/2025,S006,P049,18
11/04/2025,S006,P048,16
11/04/2025,S006,P010,19
11/04/2025,S006,P001,16
11/04/2025,S006,P033,11
11/04/2025,S006,P050,19
11/04/2025,S006,P042,8
11/04/2025,S006,P002,7
11/04/2025,S006,P025,5
11/04/2025,S006,P024,10
11/04/2025,S006,P014,13
11/04/2025,S007,P047,6
11/04/2025,S007,P028,12
11/04/2025,S007,P014,10
11/04/2025,S007,P016,12
11/04/2025,S007,P009,9
11/04/2025,S007,P044,7
11/04/2025,S008,P033,18
11/04/2025,S008,P028,14
11/04/2025,S008,P048,19
11/04/2025,S008,P018,11
11/04/2025,S008,P031,12
11/04/2025,S008,P030,13
11/04/2025,S008,P007,16
11/04/2025,S008,P047,4
11/04/2025,S008,P049,3
11/04/2025,S008,P021,15
11/04/2025,S008,P025,10
11/04/2025,S009,P032,4
11/04/2025,S009,P017,4
11/04/2025,S009,P038,11
11/04/2025,S009,P008,10
11/04/2025,S009,P007,20
11/04/2025,S009,P040,15
11/04/2025,S009,P013,14
11/04/2025,S009,P049,20
11/04/2025,S009,P011,14
11/04/2025,S009,P035,14
11/04/2025,S009,P044,14
11/04/2025,S009,P024,5
11/04/2025,S009,P042,13
11/04/2025,S010,P044,13
11/04/2025,S010,P031,10
11/04/2025,S010,P032,18
11/04/2025,S010,P049,19
11/04/2025,S010,P003,14
11/04/2025,S010,P006,20
11/04/2025,S010,P023,8
11/04/2025,S010,P012,6
11/04/2025,S010,P024,16
12/04/2025,S001,P033,2
12/04/2025,S001,P029,6
12/04/2025,S001,P046,5
12/04/2025,S001,P031,10
12/04/2025,S001,P009,6
12/04/2025,S001,P024,6
12/04/2025,S001,P007,7
12/04/2025,S001,P028,18
12/04/2025,S001,P047,17
12/04/2025,S001,P013,13
12/04/2025,S001,P039,11
12/04/2025,S001,P022,10
12/04/2025,S001,P032,17
12/04/2025,S002,P040,20
12/04/2025,S002,P031,3
12/04/2025,S002,P048,14
12/04/2025,S002,P030,12
12/04/2025,S002,P010,16
12/04/2025,S002,P029,1
12/04/2025,S002,P036,1
12/04/2025,S002,P034,8
12/04/2025,S002,P001,4
12/04/2025,S002,P015,3
12/04/2025,S003,P018,19
12/04/2025,S003,P036,12
12/04/2025,S003,P024,17
12/04/2025,S003,P046,11
12/04/2025,S003,P026,15
12/04/2025,S003,P020,6
12/04/2025,S003,P016,4
12/04/2025,S003,P004,5
12/04/2025,S003,P030,2
12/04/2025,S003,P011,10
12/04/2025,S003,P006,14
12/04/2025,S004,P011,16
12/04/2025,S004,P020,8
12/04/2025,S004,P050,7
12/04/2025,S004,P027,9
12/04/2025,S004,P034,19
12/04/2025,S004,P043,4
12/04/2025,S004,P045,15
12/04/2025,S004,P012,17
12/04/2025,S004,P047,13
12/04/2025,S004,P046,16
12/04/2025,S004,P006,12
12/04/2025,S004,P031,1
12/04/2025,S005,P001,15
12/04/2025,S005,P047,16
12/04/2025,S005,P004,20
12/04/2025,S005,P009,2
12/04/2025,S005,P012,3
12/04/2025,S005,P017,16
12/04/2025,S005,P024,4
12/04/2025,S005,P022,8
12/04/2025,S005,P005,12
12/04/2025,S005,P029,12
12/04/2025,S005,P043,14
12/04/2025,S005,P048,19
12/04/2025,S005,P046,15
12/04/2025,S006,P036,2
12/04/2025,S006,P012,15
12/04/2025,S006,P008,11
12/04/2025,S006,P020,16
12/04/2025,S006,P030,20
12/04/2025,S006,P013,8
12/04/2025,S006,P040,5
12/04/2025,S006,P017,4
12/04/2025,S006,P010,18
12/04/2025,S006,P033,20
12/04/2025,S006,P042,1
12/04/2025,S006,P019,19
12/04/2025,S006,P004,19
12/04/2025,S007,P020,7
12/04/2025,S007,P019,12
12/04/2025,S007,P022,20
12/04/2025,S007,P028,2
12/04/2025,S007,P007,2
12/04/2025,S007,P032,20
12/04/2025,S007,P023,3
12/04/2025,S007,P018,7
12/04/2025,S007,P025,16
12/04/2025,S007,P016,3
12/04/2025,S008,P032,17
12/04/2025,S008,P024,4
12/04/2025,S008,P013,18
12/04/2025,S008,P031,16
12/04/2025,S008,P048,8
12/04/2025,S009,P024,15
12/04/2025,S009,P033,19
12/04/2025,S009,P041,2
12/04/2025,S009,P038,7
12/04/2025,S009,P003,2
12/04/2025,S009,P011,18
12/04/2025,S009,P032,15
12/04/2025,S010,P023,15
12/04/2025,S010,P019,8
12/04/2025,S010,P018,19
12/04/2025,S010,P006,9
12/04/2025,S010,P021,15
12/04/2025,S010,P001,3
12/04/2025,S010,P030,7
12/04/2025,S010,P042,3
12/04/2025,S010,P043,1
12/04/2025,S010,P007,6
12/04/2025,S010,P035,13
12/04/2025,S010,P003,5
12/04/2025,S010,P025,15
12/04/2025,S010,P022,9
12/04/2025,S010,P017,7
13/04/2025,S001,P005,2
13/04/2025,S001,P021,7
13/04/2025,S001,P048,15
13/04/2025,S001,P032,13
13/04/2025,S001,P011,6
13/04/2025,S001,P014,7
13/04/2025,S001,P045,6
13/04/2025,S001,P031,15
13/04/2025,S001,P033,14
13/04/2025,S002,P014,12
13/04/2025,S002,P046,11
13/04/2025,S002,P008,14
13/04/2025,S002,P031,9
13/04/2025,S002,P012,2
13/04/2025,S003,P037,11
13/04/2025,S003,P045,16
13/04/2025,S003,P035,1
13/04/2025,S003,P025,20
13/04/2025,S003,P043,18
13/04/2025,S003,P026,5
13/04/2025,S003,P028,18
13/04/2025,S003,P010,2
13/04/2025,S004,P027,3
13/04/2025,S004,P022,19
13/04/2025,S004,P038,11
13/04/2025,S004,P019,4
13/04/2025,S004,P025,16
13/04/2025,S004,P001,6
13/04/2025,S004,P005,5
13/04/2025,S005,P029,16
13/04/2025,S005,P009,17
13/04/2025,S005,P033,10
13/04/2025,S005,P049,18
13/04/2025,S005,P010,20
13/04/2025,S005,P042,3
13/04/2025,S005,P038,2
13/04/2025,S005,P018,18
13/04/2025,S006,P030,6
13/04/2025,S006,P049,1
13/04/2025,S006,P002,13
13/04/2025,S006,P033,15
13/04/2025,S006,P015,15
13/04/2025,S006,P048,18
13/04/2025,S007,P034,17
13/04/2025,S007,P018,6
13/04/2025,S007,P019,18
13/04/2025,S007,P047,19
13/04/2025,S007,P017,9
13/04/2025,S007,P021,17
13/04/2025,S007,P015,8
13/04/2025,S008,P050,17
13/04/2025,S008,P036,9
13/04/2025,S008,P014,20
13/04/2025,S008,P001,11
13/04/2025,S008,P016,7
13/04/2025,S008,P043,20
13/04/2025,S008,P025,6
13/04/2025,S008,P035,13
13/04/2025,S008,P021,15
13/04/2025,S009,P010,9
13/04/2025,S009,P017,8
13/04/2025,S009,P022,17
13/04/2025,S009,P006,10
13/04/2025,S009,P027,7
13/04/2025,S009,P024,1
13/04/2025,S009,P045,10
13/04/2025,S009,P039,3
13/04/2025,S009,P030,17
13/04/2025,S009,P038,9
13/04/2025,S009,P026,1
13/04/2025,S009,P048,16
13/04/2025,S009,P011,7
13/04/2025,S009,P020,4
13/04/2025,S009,P009,5
13/04/2025,S010,P001,1
13/04/2025,S010,P018,9
13/04/2025,S010,P050,16
13/04/2025,S010,P034,4
13/04/2025,S010,P040,14
13/04/2025,S010,P021,3
13/04/2025,S010,P041,12
13/04/2025,S010,P017,19
13/04/2025,S010,P046,15
13/04/2025,S010,P005,17
13/04/2025,S010,P044,4
14/04/2025,S001,P046,2
14/04/2025,S001,P043,11
14/04/2025,S001,P015,19
14/04/2025,S001,P010,7
14/04/2025,S001,P048,1
14/04/2025,S001,P005,14
14/04/2025,S001,P018,9
14/04/2025,S002,P045,8
14/04/2025,S002,P021,19
14/04/2025,S002,P039,16
14/04/2025,S002,P020,18
14/04/2025,S002,P006,14
14/04/2025,S002,P038,13
14/04/2025,S002,P003,6
14/04/2025,S002,P031,17
14/04/2025,S002,P041,16
14/04/2025,S002,P043,17
14/04/2025,S002,P028,10
14/04/2025,S003,P035,3
14/04/2025,S003,P022,3
14/04/2025,S003,P009,7
14/04/2025,S003,P028,7
14/04/2025,S003,P050,11
14/04/2025,S003,P037,15
14/04/2025,S004,P022,16
14/04/2025,S004,P007,1
14/04/2025,S004,P018,3
14/04/2025,S004,P002,19
14/04/2025,S004,P031,15
14/04/2025,S004,P049,5
14/04/2025,S004,P006,7
14/04/2025,S004,P034,3
14/04/2025,S004,P042,18
14/04/2025,S004,P024,10
14/04/2025,S004,P040,9
14/04/2025,S004,P050,17
14/04/2025,S004,P010,8
14/04/2025,S005,P042,16
14/04/2025,S005,P004,16
14/04/2025,S005,P038,1
14/04/2025,S005,P014,15
14/04/2025,S005,P036,7
14/04/2025,S005,P002,2
14/04/2025,S006,P018,18
14/04/2025,S006,P032,10
14/04/2025,S006,P049,15
14/04/2025,S006,P016,12
14/04/2025,S006,P024,4
14/04/2025,S006,P044,1
14/04/2025,S006,P017,17
14/04/2025,S006,P048,10
14/04/2025,S006,P025,16
14/04/2025,S006,P019,17
14/04/2025,S006,P013,15
14/04/2025,S006,P043,13
14/04/2025,S007,P014,17
14/04/2025,S007,P044,17
14/04/2025,S007,P007,9
14/04/2025,S007,P009,16
14/04/2025,S007,P043,5
14/04/2025,S007,P020,20
14/04/2025,S007,P027,9
14/04/2025,S007,P039,12
14/04/2025,S007,P037,9
14/04/2025,S007,P025,8
14/04/2025,S008,P004,19
14/04/2025,S008,P016,12
14/04/2025,S008,P020,20
14/04/2025,S008,P024,15
14/04/2025,S008,P037,20
14/04/2025,S008,P036,17
14/04/2025,S008,P003,14
14/04/2025,S008,P002,19
14/04/2025,S009,P031,4
14/04/2025,S009,P027,3
14/04/2025,S009,P023,20
14/04/2025,S009,P021,20
14/04/2025,S009,P028,16
14/04/2025,S009,P043,18
14/04/2025,S009,P005,20
14/04/2025,S009,P017,16
14/04/2025,S009,P014,8
14/04/2025,S009,P025,5
14/04/2025,S009,P035,9
14/04/2025,S009,P037,9
14/04/2025,S009,P029,9
14/04/2025,S009,P010,6
14/04/2025,S010,P011,1
14/04/2025,S010,P020,19
14/04/2025,S010,P026,1
14/04/2025,S010,P010,4
14/04/2025,S010,P035,16
14/04/2025,S010,P017,2
14/04/2025,S010,P038,13
14/04/2025,S010,P009,6
14/04/2025,S010,P029,12
14/04/2025,S010,P024,18
14/04/2025,S010,P036,6
14/04/2025,S010,P007,3
14/04/2025,S010,P028,18
15/04/2025,S001,P021,11
15/04/2025,S001,P006,6
15/04/2025,S001,P043,11
15/04/2025,S001,P044,7
15/04/2025,S001,P022,6
15/04/2025,S001,P008,14
15/04/2025,S001,P036,12
15/04/2025,S001,P046,20
15/04/2025,S001,P039,9
15/04/2025,S001,P002,5
15/04/2025,S001,P009,11
15/04/2025,S001,P049,16
15/04/2025,S002,P007,12
15/04/2025,S002,P019,19
15/04/2025,S002,P034,16
15/04/2025,S002,P010,1
15/04/2025,S002,P045,17
15/04/2025,S002,P012,14
15/04/2025,S002,P013,3
15/04/2025,S002,P040,1
15/04/2025,S002,P037,8
15/04/2025,S002,P015,20
15/04/2025,S002,P026,16
15/04/2025,S003,P033,10
15/04/2025,S003,P025,10
15/04/2025,S003,P017,16
15/04/2025,S003,P008,20
15/04/2025,S003,P027,19
15/04/2025,S003,P035,19
15/04/2025,S004,P042,19
15/04/2025,S004,P044,10
15/04/2025,S004,P032,13
15/04/2025,S004,P037,14
15/04/2025,S004,P005,6
15/04/2025,S004,P024,12
15/04/2025,S004,P014,6
15/04/2025,S004,P043,17
15/04/2025,S005,P048,7
15/04/2025,S005,P003,17
15/04/2025,S005,P034,10
15/04/2025,S005,P002,19
15/04/2025,S005,P020,1
15/04/2025,S005,P018,11
15/04/2025,S005,P011,7
15/04/2025,S006,P012,14
15/04/2025,S006,P041,13
15/04/2025,S006,P021,19
15/04/2025,S006,P003,10
15/04/2025,S006,P007,15
15/04/2025,S006,P032,13
15/04/2025,S006,P033,12
15/04/2025,S006,P008,9
15/04/2025,S006,P035,3
15/04/2025,S007,P007,5
15/04/2025,S007,P030,20
15/04/2025,S007,P046,3
15/04/2025,S007,P019,18
15/04/2025,S007,P033,10
15/04/2025,S007,P049,7
15/04/2025,S007,P015,3
15/04/2025,S007,P017,5
15/04/2025,S007,P048,11
15/04/2025,S007,P001,18
15/04/2025,S007,P014,6
15/04/2025,S007,P038,17
15/04/2025,S007,P034,19
15/04/2025,S007,P024,19
15/04/2025,S007,P021,4
15/04/2025,S008,P019,20
15/04/2025,S008,P017,15
15/04/2025,S008,P040,20
15/04/2025,S008,P028,12
15/04/2025,S008,P049,5
15/04/2025,S008,P033,9
15/04/2025,S008,P020,10
15/04/2025,S008,P025,15
15/04/2025,S008,P004,8
15/04/2025,S009,P045,11
15/04/2025,S009,P033,9
15/04/2025,S009,P002,5
15/04/2025,S009,P047,20
15/04/2025,S009,P041,19
15/04/2025,S009,P007,18
15/04/2025,S009,P010,19
15/04/2025,S009,P020,5
15/04/2025,S009,P048,19
15/04/2025,S009,P009,4
15/04/2025,S009,P039,5
15/04/2025,S009,P042,11
15/04/2025,S010,P018,19
15/04/2025,S010,P039,13
15/04/2025,S010,P016,5
15/04/2025,S010,P046,1
15/04/2025,S010,P036,20
15/04/2025,S010,P006,13
15/04/2025,S010,P007,8
15/04/2025,S010,P020,1
15/04/2025,S010,P011,2
15/04/2025,S010,P028,17
15/04/2025,S010,P014,4
15/04/2025,S010,P019,17
15/04/2025,S010,P041,4
15/04/2025,S010,P032,3
16/04/2025,S001,P002,1
16/04/2025,S001,P027,19
16/04/2025,S001,P041,7
16/04/2025,S001,P030,15
16/04/2025,S001,P026,14
16/04/2025,S001,P021,2
16/04/2025,S001,P044,7
16/04/2025,S001,P006,11
16/04/2025,S001,P034,4
16/04/2025,S001,P005,13
16/04/2025,S001,P004,15
16/04/2025,S001,P017,7
16/04/2025,S001,P031,15
16/04/2025,S001,P018,2
16/04/2025,S002,P050,18
16/04/2025,S002,P044,14
16/04/2025,S002,P048,15
16/04/2025,S002,P003,7
16/04/2025,S002,P007,2
16/04/2025,S002,P001,19
16/04/2025,S003,P013,9
16/04/2025,S003,P018,9
16/04/2025,S003,P002,12
16/04/2025,S003,P046,6
16/04/2025,S003,P032,3
16/04/2025,S003,P025,18
16/04/2025,S003,P010,17
16/04/2025,S003,P012,13
16/04/2025,S004,P035,14
16/04/2025,S004,P025,5
16/04/2025,S004,P016,13
16/04/2025,S004,P022,13
16/04/2025,S004,P020,18
16/04/2025,S004,P004,9
16/04/2025,S004,P047,20
16/04/2025,S004,P014,18
16/04/2025,S004,P042,17
16/04/2025,S004,P037,6
16/04/2025,S004,P007,11
16/04/2025,S004,P033,13
16/04/2025,S004,P043,1
16/04/2025,S005,P002,10
16/04/2025,S005,P019,18
16/04/2025,S005,P009,8
16/04/2025,S005,P027,2
16/04/2025,S005,P034,4
16/04/2025,S006,P033,9
16/04/2025,S006,P047,2
16/04/2025,S006,P050,5
16/04/2025,S006,P008,2
16/04/2025,S006,P045,2
16/04/2025,S006,P046,4
16/04/2025,S006,P018,11
16/04/2025,S006,P036,9
16/04/2025,S006,P020,13
16/04/2025,S006,P031,14
16/04/2025,S006,P024,8
16/04/2025,S006,P042,1
16/04/2025,S006,P009,4
16/04/2025,S006,P037,8
16/04/2025,S007,P020,1
16/04/2025,S007,P046,9
16/04/2025,S007,P041,19
16/04/2025,S007,P036,8
16/04/2025,S007,P040,10
16/04/2025,S007,P006,9
16/04/2025,S007,P047,13
16/04/2025,S007,P008,14
16/04/2025,S008,P050,12
16/04/2025,S008,P036,20
16/04/2025,S008,P003,6
16/04/2025,S008,P015,6
16/04/2025,S008,P046,13
16/04/2025,S008,P008,16
16/04/2025,S008,P043,3
16/04/2025,S008,P004,9
16/04/2025,S008,P011,17
16/04/2025,S008,P021,3
16/04/2025,S008,P006,1
16/04/2025,S009,P008,3
16/04/2025,S009,P006,11
16/04/2025,S009,P023,19
16/04/2025,S009,P032,8
16/04/2025,S009,P030,1
16/04/2025,S009,P013,8
16/04/2025,S009,P037,3
16/04/2025,S009,P038,17
16/04/2025,S009,P005,19
16/04/2025,S009,P034,12
16/04/2025,S009,P048,2
16/04/2025,S009,P009,20
16/04/2025,S009,P050,12
16/04/2025,S010,P001,1
16/04/2025,S010,P041,7
16/04/2025,S010,P032,6
16/04/2025,S010,P012,19
16/04/2025,S010,P003,20
17/04/2025,S001,P034,3
17/04/2025,S001,P035,12
17/04/2025,S001,P031,20
17/04/2025,S001,P022,13
17/04/2025,S001,P042,4
17/04/2025,S001,P045,16
17/04/2025,S001,P044,3
17/04/2025,S001,P039,8
17/04/2025,S001,P020,5
17/04/2025,S001,P050,19
17/04/2025,S001,P007,12
17/04/2025,S001,P049,18
17/04/2025,S001,P009,19
17/04/2025,S001,P008,2
17/04/2025,S002,P014,14
17/04/2025,S002,P006,5
17/04/2025,S002,P049,19
17/04/2025,S002,P039,7
17/04/2025,S002,P017,18
17/04/2025,S002,P037,4
17/04/2025,S002,P016,16
17/04/2025,S002,P024,20
17/04/2025,S002,P027,12
17/04/2025,S002,P044,20
17/04/2025,S002,P002,1
17/04/2025,S002,P022,5
17/04/2025,S002,P048,10
17/04/2025,S002,P015,8
17/04/2025,S002,P004,20
17/04/2025,S003,P047,20
17/04/2025,S003,P002,19
17/04/2025,S003,P014,4
17/04/2025,S003,P001,16
17/04/2025,S003,P039,4
17/04/2025,S003,P036,16
17/04/2025,S003,P045,5
17/04/2025,S004,P050,8
17/04/2025,S004,P028,15
17/04/2025,S004,P016,8
17/04/2025,S004,P037,11
17/04/2025,S004,P008,20
17/04/2025,S004,P006,16
17/04/2025,S004,P004,12
17/04/2025,S004,P022,12
17/04/2025,S004,P048,5
17/04/2025,S005,P001,4
17/04/2025,S005,P029,19
17/04/2025,S005,P027,10
17/04/2025,S005,P020,15
17/04/2025,S005,P030,12
17/04/2025,S005,P038,10
17/04/2025,S005,P021,4
17/04/2025,S005,P019,8
17/04/2025,S005,P035,14
17/04/2025,S005,P036,11
17/04/2025,S005,P040,5
17/04/2025,S005,P039,6
17/04/2025,S005,P010,16
17/04/2025,S005,P006,15
17/04/2025,S005,P045,19
17/04/2025,S006,P038,15
17/04/2025,S006,P014,17
17/04/2025,S006,P004,17
17/04/2025,S006,P006,5
17/04/2025,S006,P048,18
17/04/2025,S006,P007,11
17/04/2025,S006,P015,13
17/04/2025,S006,P003,18
17/04/2025,S007,P008,7
17/04/2025,S007,P003,5
17/04/2025,S007,P029,19
17/04/2025,S007,P006,1
17/04/2025,S007,P046,20
17/04/2025,S007,P033,2
17/04/2025,S007,P022,8
17/04/2025,S007,P040,1
17/04/2025,S008,P037,14
17/04/2025,S008,P002,17
17/04/2025,S008,P049,5
17/04/2025,S008,P005,19
17/04/2025,S008,P018,15
17/04/2025,S008,P025,4
17/04/2025,S008,P044,6
17/04/2025,S008,P009,12
17/04/2025,S009,P029,13
17/04/2025,S009,P042,13
17/04/2025,S009,P024,6
17/04/2025,S009,P001,1
17/04/2025,S009,P003,14
17/04/2025,S009,P018,3
17/04/2025,S009,P015,16
17/04/2025,S009,P041,1
17/04/2025,S009,P002,3
17/04/2025,S009,P049,19
17/04/2025,S009,P023,18
17/04/2025,S010,P050,18
17/04/2025,S010,P002,6
17/04/2025,S010,P028,7
17/04/2025,S010,P033,4
17/04/2025,S010,P037,8
17/04/2025,S010,P009,19
17/04/2025,S010,P021,17
17/04/2025,S010,P019,16
17/04/2025,S010,P003,12
17/04/2025,S010,P007,7
17/04/2025,S010,P022,7
17/04/2025,S010,P017,11
17/04/2025,S010,P043,9
17/04/2025,S010,P011,5
17/04/2025,S010,P010,5
18/04/2025,S001,P030,16
18/04/2025,S001,P028,5
18/04/2025,S001,P044,3
18/04/2025,S001,P027,5
18/04/2025,S001,P050,17
18/04/2025,S001,P022,14
18/04/2025,S001,P045,1
18/04/2025,S001,P015,2
18/04/2025,S001,P025,5
18/04/2025,S001,P003,6
18/04/2025,S001,P033,17
18/04/2025,S001,P037,12
18/04/2025,S001,P024,17
18/04/2025,S002,P007,13
18/04/2025,S002,P045,13
18/04/2025,S002,P048,1
18/04/2025,S002,P037,14
18/04/2025,S002,P036,17
18/04/2025,S002,P035,1
18/04/2025,S002,P013,14
18/04/2025,S003,P030,16
18/04/2025,S003,P001,11
18/04/2025,S003,P019,12
18/04/2025,S003,P038,16
18/04/2025,S003,P011,12
18/04/2025,S004,P023,12
18/04/2025,S004,P039,6
18/04/2025,S004,P044,4
18/04/2025,S004,P005,1
18/04/2025,S004,P036,4
18/04/2025,S004,P028,6
18/04/2025,S004,P008,8
18/04/2025,S004,P032,13
18/04/2025,S004,P043,20
18/04/2025,S004,P019,4
18/04/2025,S005,P001,5
18/04/2025,S005,P009,20
18/04/2025,S005,P044,13
18/04/2025,S005,P026,3
18/04/2025,S005,P049,20
18/04/2025,S005,P042,1
18/04/2025,S005,P007,19
18/04/2025,S005,P015,6
18/04/2025,S005,P039,3
18/04/2025,S005,P027,2
18/04/2025,S005,P011,10
18/04/2025,S005,P029,8
18/04/2025,S005,P034,5
18/04/2025,S006,P021,15
18/04/2025,S006,P031,1
18/04/2025,S006,P023,3
18/04/2025,S006,P028,8
18/04/2025,S006,P022,20
18/04/2025,S006,P039,17
18/04/2025,S006,P005,16
18/04/2025,S006,P042,1
18/04/2025,S006,P036,12
18/04/2025,S007,P038,18
18/04/2025,S007,P031,5
18/04/2025,S007,P045,13
18/04/2025,S007,P026,11
18/04/2025,S007,P006,12
18/04/2025,S007,P032,4
18/04/2025,S007,P020,11
18/04/2025,S007,P022,4
18/04/2025,S007,P047,14
18/04/2025,S007,P033,18
18/04/2025,S007,P018,6
18/04/2025,S007,P027,18
18/04/2025,S007,P046,6
18/04/2025,S007,P015,19
18/04/2025,S008,P039,13
18/04/2025,S008,P007,13
18/04/2025,S008,P019,13
18/04/2025,S008,P022,6
18/04/2025,S008,P015,3
18/04/2025,S008,P012,11
18/04/2025,S008,P029,14
18/04/2025,S008,P011,19
18/04/2025,S008,P020,4
18/04/2025,S008,P017,5
18/04/2025,S009,P031,16
18/04/2025,S009,P018,18
18/04/2025,S009,P003,15
18/04/2025,S009,P011,7
18/04/2025,S009,P022,19
18/04/2025,S010,P046,4
18/04/2025,S010,P003,9
18/04/2025,S010,P037,15
18/04/2025,S010,P023,15
18/04/2025,S010,P016,5
18/04/2025,S010,P047,1
18/04/2025,S010,P025,19
18/04/2025,S010,P030,18
18/04/2025,S010,P009,16
18/04/2025,S010,P043,9
18/04/2025,S010,P042,11
18/04/2025,S010,P008,3
18/04/2025,S010,P006,13
18/04/2025,S010,P039,7
18/04/2025,S010,P048,15
19/04/2025,S001,P021,6
19/04/2025,S001,P010,9
19/04/2025,S001,P006,16
19/04/2025,S001,P028,12
19/04/2025,S001,P030,6
19/04/2025,S001,P029,8
19/04/2025,S001,P036,15
19/04/2025,S001,P015,5
19/04/2025,S001,P047,8
19/04/2025,S001,P044,4
19/04/2025,S001,P048,3
19/04/2025,S002,P003,12
19/04/2025,S002,P015,5
19/04/2025,S002,P029,5
19/04/2025,S002,P031,10
19/04/2025,S002,P032,14
19/04/2025,S002,P007,7
19/04/2025,S002,P012,6
19/04/2025,S002,P017,3
19/04/2025,S002,P049,4
19/04/2025,S003,P049,14
19/04/2025,S003,P015,14
19/04/2025,S003,P021,15
19/04/2025,S003,P031,10
19/04/2025,S003,P011,10
19/04/2025,S003,P019,12
19/04/2025,S004,P025,17
19/04/2025,S004,P049,20
19/04/2025,S004,P001,2
19/04/2025,S004,P050,6
19/04/2025,S004,P008,5
19/04/2025,S004,P027,13
19/04/2025,S004,P005,8
19/04/2025,S004,P011,6
19/04/2025,S004,P030,12
19/04/2025,S004,P020,3
19/04/2025,S005,P012,19
19/04/2025,S005,P016,13
19/04/2025,S005,P034,4
19/04/2025,S005,P046,7
19/04/2025,S005,P002,6
19/04/2025,S005,P003,15
19/04/2025,S005,P023,9
19/04/2025,S005,P004,5
19/04/2025,S005,P015,6
19/04/2025,S005,P045,17
19/04/2025,S005,P011,5
19/04/2025,S005,P022,17
19/04/2025,S005,P038,17
19/04/2025,S005,P042,6
19/04/2025,S006,P013,13
19/04/2025,S006,P050,2
19/04/2025,S006,P017,19
19/04/2025,S006,P032,5
19/04/2025,S006,P023,3
19/04/2025,S006,P041,13
19/04/2025,S007,P047,10
19/04/2025,S007,P011,4
19/04/2025,S007,P020,3
19/04/2025,S007,P035,3
19/04/2025,S007,P038,14
19/04/2025,S007,P006,13
19/04/2025,S007,P046,16
19/04/2025,S008,P012,8
19/04/2025,S008,P006,1
19/04/2025,S008,P046,15
19/04/2025,S008,P036,17
19/04/2025,S008,P035,17
19/04/2025,S008,P027,6
19/04/2025,S008,P022,17
19/04/2025,S008,P024,2
19/04/2025,S008,P033,10
19/04/2025,S009,P041,8
19/04/2025,S009,P046,8
19/04/2025,S009,P034,3
19/04/2025,S009,P050,6
19/04/2025,S009,P030,2
19/04/2025,S009,P049,2
19/04/2025,S009,P027,14
19/04/2025,S010,P021,15
19/04/2025,S010,P030,1
19/04/2025,S010,P036,15
19/04/2025,S010,P028,1
19/04/2025,S010,P038,5
19/04/2025,S010,P025,8
19/04/2025,S010,P005,13
19/04/2025,S010,P048,7
19/04/2025,S010,P045,6
19/04/2025,S010,P041,20
19/04/2025,S010,P016,11
20/04/2025,S001,P017,1
20/04/2025,S001,P009,7
20/04/2025,S001,P037,11
20/04/2025,S001,P015,6
20/04/2025,S001,P003,9
20/04/2025,S001,P025,15
20/04/2025,S001,P022,8
20/04/2025,S001,P029,9
20/04/2025,S001,P007,7
20/04/2025,S001,P027,1
20/04/2025,S001,P002,16
20/04/2025,S001,P035,11
20/04/2025,S001,P045,11
20/04/2025,S001,P018,2
20/04/2025,S001,P008,17
20/04/2025,S002,P008,10
20/04/2025,S002,P004,18
20/04/2025,S002,P042,20
20/04/2025,S002,P035,2
20/04/2025,S002,P005,9
20/04/2025,S002,P011,17
20/04/2025,S002,P047,8
20/04/2025,S002,P018,4
20/04/2025,S002,P044,18
20/04/2025,S002,P003,18
20/04/2025,S002,P046,11
20/04/2025,S002,P016,7
20/04/2025,S002,P029,12
20/04/2025,S002,P048,10
20/04/2025,S003,P002,15
20/04/2025,S003,P025,17
20/04/2025,S003,P004,20
20/04/2025,S003,P006,8
20/04/2025,S003,P050,16
20/04/2025,S003,P034,18
20/04/2025,S003,P046,16
20/04/2025,S003,P013,16
20/04/2025,S003,P036,20
20/04/2025,S003,P029,16
20/04/2025,S003,P035,19
20/04/2025,S003,P009,6
20/04/2025,S003,P012,2
20/04/2025,S003,P042,12
20/04/2025,S003,P020,1
20/04/2025,S004,P038,3
20/04/2025,S004,P017,2
20/04/2025,S004,P002,9
20/04/2025,S004,P003,4
20/04/2025,S004,P049,10
20/04/2025,S004,P026,9
20/04/2025,S004,P022,10
20/04/2025,S004,P040,5
20/04/2025,S004,P001,8
20/04/2025,S005,P029,13
20/04/2025,S005,P027,17
20/04/2025,S005,P038,19
20/04/2025,S005,P015,12
20/04/2025,S005,P050,10
20/04/2025,S005,P023,15
20/04/2025,S005,P010,11
20/04/2025,S005,P044,12
20/04/2025,S005,P045,1
20/04/2025,S005,P048,3
20/04/2025,S005,P031,2
20/04/2025,S006,P025,13
20/04/2025,S006,P028,10
20/04/2025,S006,P037,1
20/04/2025,S006,P038,16
20/04/2025,S006,P035,7
20/04/2025,S006,P027,17
20/04/2025,S006,P030,16
20/04/2025,S006,P007,7
20/04/2025,S006,P021,13
20/04/2025,S007,P022,10
20/04/2025,S007,P008,12
20/04/2025,S007,P041,10
20/04/2025,S007,P007,6
20/04/2025,S007,P036,15
20/04/2025,S007,P014,17
20/04/2025,S007,P042,12
20/04/2025,S007,P017,2
20/04/2025,S007,P013,7
20/04/2025,S007,P028,20
20/04/2025,S007,P038,17
20/04/2025,S007,P005,20
20/04/2025,S008,P006,8
20/04/2025,S008,P009,4
20/04/2025,S008,P016,9
20/04/2025,S008,P044,5
20/04/2025,S008,P021,1
20/04/2025,S008,P010,9
20/04/2025,S009,P026,2
20/04/2025,S009,P030,16
20/04/2025,S009,P021,4
20/04/2025,S009,P050,10
20/04/2025,S009,P022,15
20/04/2025,S009,P043,4
20/04/2025,S009,P046,7
20/04/2025,S009,P015,15
20/04/2025,S009,P045,11
20/04/2025,S009,P042,11
20/04/2025,S009,P040,9
20/04/2025,S009,P047,3
20/04/2025,S010,P011,9
20/04/2025,S010,P040,8
20/04/2025,S010,P041,10
20/04/2025,S010,P038,17
20/04/2025,S010,P042,11
20/04/2025,S010,P045,1
20/04/2025,S010,P015,3
20/04/2025,S010,P019,6
20/04/2025,S010,P025,1
20/04/2025,S010,P030,10
21/04/2025,S001,P020,7
21/04/2025,S001,P012,20
21/04/2025,S001,P032,2
21/04/2025,S001,P017,19
21/04/2025,S001,P044,13
21/04/2025,S001,P015,11
21/04/2025,S001,P027,5
21/04/2025,S001,P043,2
21/04/2025,S001,P011,17
21/04/2025,S002,P030,7
21/04/2025,S002,P038,4
21/04/2025,S002,P014,9
21/04/2025,S002,P022,14
21/04/2025,S002,P036,11
21/04/2025,S002,P045,15
21/04/2025,S002,P013,12
21/04/2025,S002,P041,7
21/04/2025,S002,P046,6
21/04/2025,S003,P041,15
21/04/2025,S003,P013,16
21/04/2025,S003,P037,5
21/04/2025,S003,P007,16
21/04/2025,S003,P045,4
21/04/2025,S003,P016,3
21/04/2025,S003,P044,7
21/04/2025,S003,P011,1
21/04/2025,S003,P024,13
21/04/2025,S004,P042,16
21/04/2025,S004,P036,10
21/04/2025,S004,P035,11
21/04/2025,S004,P021,7
21/04/2025,S004,P005,15
21/04/2025,S004,P025,16
21/04/2025,S004,P004,20
21/04/2025,S004,P038,8
21/04/2025,S004,P006,14
21/04/2025,S004,P043,14
21/04/2025,S004,P049,4
21/04/2025,S005,P038,1
21/04/2025,S005,P036,15
21/04/2025,S005,P002,13
21/04/2025,S005,P049,14
21/04/2025,S005,P012,1
21/04/2025,S005,P045,14
21/04/2025,S005,P035,9
21/04/2025,S005,P005,16
21/04/2025,S005,P042,3
21/04/2025,S006,P040,17
21/04/2025,S006,P018,10
21/04/2025,S006,P045,20
21/04/2025,S006,P017,11
21/04/2025,S006,P029,19
21/04/2025,S006,P011,6
21/04/2025,S007,P014,20
21/04/2025,S007,P031,10
21/04/2025,S007,P022,13
21/04/2025,S007,P035,12
21/04/2025,S007,P028,13
21/04/2025,S007,P042,14
21/04/2025,S007,P007,16
21/04/2025,S007,P043,12
21/04/2025,S007,P017,12
21/04/2025,S007,P033,9
21/04/2025,S008,P039,20
21/04/2025,S008,P020,10
21/04/2025,S008,P041,11
21/04/2025,S008,P010,20
21/04/2025,S008,P003,2
21/04/2025,S008,P006,5
21/04/2025,S008,P042,4
21/04/2025,S008,P014,13
21/04/2025,S008,P015,16
21/04/2025,S008,P012,16
21/04/2025,S009,P047,13
21/04/2025,S009,P050,5
21/04/2025,S009,P022,18
21/04/2025,S009,P008,20
21/04/2025,S009,P007,8
21/04/2025,S009,P006,14
21/04/2025,S009,P043,3
21/04/2025,S009,P037,3
21/04/2025,S009,P034,12
21/04/2025,S009,P014,1
21/04/2025,S009,P012,20
21/04/2025,S010,P044,12
21/04/2025,S010,P028,20
21/04/2025,S010,P021,14
21/04/2025,S010,P019,12
21/04/2025,S010,P029,7
21/04/2025,S010,P005,4
21/04/2025,S010,P041,7
21/04/2025,S010,P031,11
21/04/2025,S010,P013,4
21/04/2025,S010,P024,8
21/04/2025,S010,P003,2
21/04/2025,S010,P036,13
21/04/2025,S010,P030,4
22/04/2025,S001,P009,4
22/04/2025,S001,P024,17
22/04/2025,S001,P005,17
22/04/2025,S001,P019,16
22/04/2025,S001,P018,10
22/04/2025,S001,P004,17
22/04/2025,S001,P028,11
22/04/2025,S002,P030,17
22/04/2025,S002,P007,12
22/04/2025,S002,P002,9
22/04/2025,S002,P043,1
22/04/2025,S002,P006,15
22/04/2025,S002,P019,10
22/04/2025,S002,P013,12
22/04/2025,S002,P018,19
22/04/2025,S002,P025,5
22/04/2025,S003,P018,14
22/04/2025,S003,P036,9
22/04/2025,S003,P040,19
22/04/2025,S003,P030,8
22/04/2025,S003,P015,6
22/04/2025,S003,P029,3
22/04/2025,S003,P047,13
22/04/2025,S003,P039,19
22/04/2025,S003,P025,5
22/04/2025,S003,P035,13
22/04/2025,S003,P033,12
22/04/2025,S004,P040,10
22/04/2025,S004,P022,5
22/04/2025,S004,P006,16
22/04/2025,S004,P003,13
22/04/2025,S004,P008,18
22/04/2025,S004,P012,17
22/04/2025,S004,P044,16
22/04/2025,S005,P004,10
22/04/2025,S005,P029,20
22/04/2025,S005,P002,19
22/04/2025,S005,P016,5
22/04/2025,S005,P028,2
22/04/2025,S005,P030,19
22/04/2025,S006,P027,12
22/04/2025,S006,P007,2
22/04/2025,S006,P017,7
22/04/2025,S006,P004,19
22/04/2025,S006,P028,17
22/04/2025,S006,P042,3
22/04/2025,S006,P022,4
22/04/2025,S006,P035,19
22/04/2025,S007,P018,13
22/04/2025,S007,P029,19
22/04/2025,S007,P013,17
22/04/2025,S007,P026,18
22/04/2025,S007,P005,2
22/04/2025,S007,P019,9
22/04/2025,S007,P035,8
22/04/2025,S007,P037,14
22/04/2025,S008,P034,13
22/04/2025,S008,P003,14
22/04/2025,S008,P031,5
22/04/2025,S008,P038,17
22/04/2025,S008,P046,2
22/04/2025,S009,P033,7
22/04/2025,S009,P036,17
22/04/2025,S009,P005,1
22/04/2025,S009,P010,5
22/04/2025,S009,P029,13
22/04/2025,S009,P016,15
22/04/2025,S010,P030,4
22/04/2025,S010,P014,15
22/04/2025,S010,P033,14
22/04/2025,S010,P011,4
22/04/2025,S010,P026,15
22/04/2025,S010,P021,1
22/04/2025,S010,P024,5
22/04/2025,S010,P005,7
22/04/2025,S010,P023,7
22/04/2025,S010,P050,4
23/04/2025,S001,P017,11
23/04/2025,S001,P027,11
23/04/2025,S001,P001,12
23/04/2025,S001,P036,12
23/04/2025,S001,P018,2
23/04/2025,S001,P048,10
23/04/2025,S001,P029,14
23/04/2025,S001,P043,17
23/04/2025,S001,P011,19
23/04/2025,S001,P028,19
23/04/2025,S001,P049,3
23/04/2025,S001,P025,20
23/04/2025,S001,P031,6
23/04/2025,S002,P016,18
23/04/2025,S002,P033,6
23/04/2025,S002,P037,1
23/04/2025,S002,P035,17
23/04/2025,S002,P020,16
23/04/2025,S002,P003,13
23/04/2025,S002,P043,9
23/04/2025,S002,P040,13
23/04/2025,S002,P002,9
23/04/2025,S002,P044,8
23/04/2025,S002,P039,6
23/04/2025,S002,P005,16
23/04/2025,S002,P034,7
23/04/2025,S002,P010,7
23/04/2025,S003,P010,17
23/04/2025,S003,P025,7
23/04/2025,S003,P039,14
23/04/2025,S003,P007,18
23/04/2025,S003,P043,18
23/04/2025,S003,P044,8
23/04/2025,S003,P024,15
23/04/2025,S003,P029,8
23/04/2025,S003,P004,15
23/04/2025,S003,P017,11
23/04/2025,S003,P045,11
23/04/2025,S004,P012,16
23/04/2025,S004,P044,10
23/04/2025,S004,P017,8
23/04/2025,S004,P002,5
23/04/2025,S004,P037,3
23/04/2025,S004,P009,16
23/04/2025,S004,P040,5
23/04/2025,S004,P041,4
23/04/2025,S004,P029,7
23/04/2025,S004,P027,16
23/04/2025,S004,P006,3
23/04/2025,S004,P011,20
23/04/2025,S004,P010,18
23/04/2025,S004,P005,3
23/04/2025,S005,P015,8
23/04/2025,S005,P037,1
23/04/2025,S005,P047,16
23/04/2025,S005,P020,2
23/04/2025,S005,P035,17
23/04/2025,S005,P034,9
23/04/2025,S005,P004,18
23/04/2025,S006,P048,15
23/04/2025,S006,P043,8
23/04/2025,S006,P027,2
23/04/2025,S006,P029,1
23/04/2025,S006,P010,4
23/04/2025,S006,P035,11
23/04/2025,S006,P016,20
23/04/2025,S006,P042,8
23/04/2025,S006,P006,2
23/04/2025,S006,P011,12
23/04/2025,S006,P037,5
23/04/2025,S006,P030,19
23/04/2025,S007,P021,19
23/04/2025,S007,P004,4
23/04/2025,S007,P039,17
23/04/2025,S007,P045,7
23/04/2025,S007,P006,17
23/04/2025,S007,P027,10
23/04/2025,S007,P043,10
23/04/2025,S007,P011,1
23/04/2025,S007,P035,9
23/04/2025,S007,P025,7
23/04/2025,S007,P022,5
23/04/2025,S007,P008,9
23/04/2025,S007,P020,7
23/04/2025,S007,P019,4
23/04/2025,S007,P005,11
23/04/2025,S008,P008,10
23/04/2025,S008,P021,12
23/04/2025,S008,P037,16
23/04/2025,S008,P017,5
23/04/2025,S008,P032,18
23/04/2025,S008,P005,11
23/04/2025,S008,P022,8
23/04/2025,S008,P036,8
23/04/2025,S008,P002,12
23/04/2025,S008,P009,9
23/04/2025,S009,P048,13
23/04/2025,S009,P027,6
23/04/2025,S009,P006,20
23/04/2025,S009,P049,11
23/04/2025,S009,P041,19
23/04/2025,S009,P046,11
23/04/2025,S009,P015,13
23/04/2025,S009,P028,7
23/04/2025,S010,P022,3
23/04/2025,S010,P019,12
23/04/2025,S010,P011,10
23/04/2025,S010,P005,5
23/04/2025,S010,P016,10
24/04/2025,S001,P016,18
24/04/2025,S001,P033,4
24/04/2025,S001,P014,4
24/04/2025,S001,P027,6
24/04/2025,S001,P050,7
24/04/2025,S002,P042,11
24/04/2025,S002,P024,15
24/04/2025,S002,P027,6
24/04/2025,S002,P020,17
24/04/2025,S002,P049,2
24/04/2025,S002,P050,12
24/04/2025,S003,P002,12
24/04/2025,S003,P036,20
24/04/2025,S003,P039,4
24/04/2025,S003,P045,17
24/04/2025,S003,P028,5
24/04/2025,S003,P050,1
24/04/2025,S003,P044,16
24/04/2025,S003,P021,1
24/04/2025,S003,P018,6
24/04/2025,S004,P037,11
24/04/2025,S004,P010,9
24/04/2025,S004,P020,20
24/04/2025,S004,P029,15
24/04/2025,S004,P007,17
24/04/2025,S004,P032,10
24/04/2025,S004,P038,3
24/04/2025,S005,P005,7
24/04/2025,S005,P049,3
24/04/2025,S005,P029,11
24/04/2025,S005,P045,13
24/04/2025,S005,P003,14
24/04/2025,S006,P033,5
24/04/2025,S006,P015,4
24/04/2025,S006,P012,4
24/04/2025,S006,P023,9
24/04/2025,S006,P001,4
24/04/2025,S006,P009,19
24/04/2025,S006,P004,11
24/04/2025,S006,P006,17
24/04/2025,S006,P028,3
24/04/2025,S006,P035,10
24/04/2025,S006,P043,16
24/04/2025,S007,P013,3
24/04/2025,S007,P023,20
24/04/2025,S007,P038,7
24/04/2025,S007,P008,12
24/04/2025,S007,P002,11
24/04/2025,S007,P003,1
24/04/2025,S007,P009,19
24/04/2025,S008,P012,19
24/04/2025,S008,P034,1
24/04/2025,S008,P025,20
24/04/2025,S008,P001,15
24/04/2025,S008,P005,18
24/04/2025,S008,P020,3
24/04/2025,S008,P032,1
24/04/2025,S008,P007,4
24/04/2025,S008,P035,2
24/04/2025,S008,P036,17
24/04/2025,S008,P003,18
24/04/2025,S008,P015,5
24/04/2025,S008,P016,12
24/04/2025,S008,P037,16
24/04/2025,S008,P028,2
24/04/2025,S009,P022,2
24/04/2025,S009,P041,20
24/04/2025,S009,P006,6
24/04/2025,S009,P037,3
24/04/2025,S009,P026,16
24/04/2025,S009,P002,16
24/04/2025,S009,P008,5
24/04/2025,S009,P018,17
24/04/2025,S010,P002,2
24/04/2025,S010,P048,9
24/04/2025,S010,P047,19
24/04/2025,S010,P030,1
24/04/2025,S010,P009,9
24/04/2025,S010,P005,10
24/04/2025,S010,P014,13
24/04/2025,S010,P023,6
24/04/2025,S010,P035,3
24/04/2025,S010,P006,13
24/04/2025,S010,P034,1
24/04/2025,S010,P050,14
24/04/2025,S010,P039,18
25/04/2025,S001,P021,17
25/04/2025,S001,P049,11
25/04/2025,S001,P012,11
25/04/2025,S001,P023,15
25/04/2025,S001,P010,7
25/04/2025,S001,P016,3
25/04/2025,S001,P015,5
25/04/2025,S001,P003,15
25/04/2025,S002,P009,13
25/04/2025,S002,P030,6
25/04/2025,S002,P015,5
25/04/2025,S002,P033,19
25/04/2025,S002,P050,15
25/04/2025,S002,P022,9
25/04/2025,S002,P032,17
25/04/2025,S002,P019,15
25/04/2025,S002,P025,18
25/04/2025,S002,P026,20
25/04/2025,S002,P047,4
25/04/2025,S002,P007,17
25/04/2025,S002,P024,8
25/04/2025,S002,P001,18
25/04/2025,S003,P042,7
25/04/2025,S003,P035,17
25/04/2025,S003,P024,7
25/04/2025,S003,P004,16
25/04/2025,S003,P005,6
25/04/2025,S003,P040,10
25/04/2025,S003,P012,8
25/04/2025,S003,P011,9
25/04/2025,S003,P014,17
25/04/2025,S003,P044,19
25/04/2025,S003,P023,19
25/04/2025,S004,P020,4
25/04/2025,S004,P019,12
25/04/2025,S004,P045,10
25/04/2025,S004,P006,10
25/04/2025,S004,P040,2
25/04/2025,S004,P050,19
25/04/2025,S004,P027,8
25/04/2025,S005,P003,6
25/04/2025,S005,P008,4
25/04/2025,S005,P031,9
25/04/2025,S005,P006,20
25/04/2025,S005,P014,4
25/04/2025,S005,P018,6
25/04/2025,S005,P041,11
25/04/2025,S005,P024,10
25/04/2025,S005,P029,9
25/04/2025,S005,P022,20
25/04/2025,S005,P046,3
25/04/2025,S005,P035,11
25/04/2025,S005,P017,2
25/04/2025,S005,P015,4
25/04/2025,S005,P034,3
25/04/2025,S006,P022,13
25/04/2025,S006,P025,1
25/04/2025,S006,P028,20
25/04/2025,S006,P004,20
25/04/2025,S006,P011,3
25/04/2025,S006,P048,6
25/04/2025,S006,P013,20
25/04/2025,S006,P023,17
25/04/2025,S006,P037,19
25/04/2025,S006,P015,7
25/04/2025,S006,P035,5
25/04/2025,S007,P043,1
25/04/2025,S007,P026,15
25/04/2025,S007,P047,3
25/04/2025,S007,P049,13
25/04/2025,S007,P012,4
25/04/2025,S007,P036,8
25/04/2025,S007,P017,19
25/04/2025,S007,P013,7
25/04/2025,S007,P034,17
25/04/2025,S007,P027,10
25/04/2025,S007,P028,3
25/04/2025,S007,P050,8
25/04/2025,S007,P024,19
25/04/2025,S007,P002,7
25/04/2025,S008,P027,1
25/04/2025,S008,P001,9
25/04/2025,S008,P036,8
25/04/2025,S008,P043,5
25/04/2025,S008,P038,14
25/04/2025,S008,P008,1
25/04/2025,S008,P019,2
25/04/2025,S008,P032,12
25/04/2025,S008,P002,17
25/04/2025,S008,P005,13
25/04/2025,S008,P050,12
25/04/2025,S009,P043,18
25/04/2025,S009,P047,1
25/04/2025,S009,P015,10
25/04/2025,S009,P012,2
25/04/2025,S009,P003,7
25/04/2025,S009,P031,3
25/04/2025,S009,P020,17
25/04/2025,S009,P029,17
25/04/2025,S009,P041,3
25/04/2025,S010,P020,6
25/04/2025,S010,P007,16
25/04/2025,S010,P042,18
25/04/2025,S010,P012,20
25/04/2025,S010,P048,19
25/04/2025,S010,P028,2
25/04/2025,S010,P015,1
25/04/2025,S010,P002,20
26/04/2025,S001,P002,4
26/04/2025,S001,P023,16
26/04/2025,S001,P025,18
26/04/2025,S001,P026,7
26/04/2025,S001,P004,13
26/04/2025,S001,P016,8
26/04/2025,S001,P008,20
26/04/2025,S001,P032,5
26/04/2025,S001,P021,1
26/04/2025,S001,P022,9
26/04/2025,S001,P027,9
26/04/2025,S001,P020,10
26/04/2025,S001,P019,2
26/04/2025,S001,P041,8
26/04/2025,S002,P043,20
26/04/2025,S002,P006,17
26/04/2025,S002,P005,19
26/04/2025,S002,P025,1
26/04/2025,S002,P007,20
26/04/2025,S002,P026,11
26/04/2025,S002,P048,19
26/04/2025,S002,P040,16
26/04/2025,S002,P037,8
26/04/2025,S002,P013,18
26/04/2025,S002,P047,18
26/04/2025,S002,P042,14
26/04/2025,S002,P017,6
26/04/2025,S002,P018,19
26/04/2025,S002,P004,6
26/04/2025,S003,P050,16
26/04/2025,S003,P004,10
26/04/2025,S003,P009,7
26/04/2025,S003,P020,17
26/04/2025,S003,P047,11
26/04/2025,S003,P039,14
26/04/2025,S003,P019,20
26/04/2025,S004,P033,14
26/04/2025,S004,P005,1
26/04/2025,S004,P039,14
26/04/2025,S004,P034,12
26/04/2025,S004,P030,16
26/04/2025,S004,P049,7
26/04/2025,S004,P016,19
26/04/2025,S004,P019,4
26/04/2025,S004,P025,1
26/04/2025,S004,P023,17
26/04/2025,S005,P044,9
26/04/2025,S005,P009,16
26/04/2025,S005,P019,15
26/04/2025,S005,P008,18
26/04/2025,S005,P024,1
26/04/2025,S006,P006,11
26/04/2025,S006,P012,8
26/04/2025,S006,P034,2
26/04/2025,S006,P050,15
26/04/2025,S006,P044,11
26/04/2025,S006,P024,1
26/04/2025,S006,P040,17
26/04/2025,S007,P001,15
26/04/2025,S007,P019,8
26/04/2025,S007,P011,18
26/04/2025,S007,P013,1
26/04/2025,S007,P008,7
26/04/2025,S007,P048,4
26/04/2025,S007,P031,11
26/04/2025,S007,P038,19
26/04/2025,S007,P016,20
26/04/2025,S007,P047,5
26/04/2025,S008,P018,6
26/04/2025,S008,P046,1
26/04/2025,S008,P037,3
26/04/2025,S008,P001,18
26/04/2025,S008,P002,8
26/04/2025,S008,P038,1
26/04/2025,S008,P021,16
26/04/2025,S008,P043,19
26/04/2025,S009,P038,13
26/04/2025,S009,P016,9
26/04/2025,S009,P035,15
26/04/2025,S009,P024,8
26/04/2025,S009,P020,12
26/04/2025,S009,P009,9
26/04/2025,S009,P033,19
26/04/2025,S009,P031,15
26/04/2025,S009,P026,13
26/04/2025,S009,P023,20
26/04/2025,S010,P027,10
26/04/2025,S010,P011,9
26/04/2025,S010,P022,7
26/04/2025,S010,P010,17
26/04/2025,S010,P013,4
26/04/2025,S010,P023,9
26/04/2025,S010,P025,8
26/04/2025,S010,P030,12
27/04/2025,S001,P010,9
27/04/2025,S001,P041,4
27/04/2025,S001,P023,10
27/04/2025,S001,P001,10
27/04/2025,S001,P049,17
27/04/2025,S001,P025,9
27/04/2025,S001,P029,1
27/04/2025,S001,P046,14
27/04/2025,S001,P008,19
27/04/2025,S001,P043,19
27/04/2025,S001,P050,17
27/04/2025,S001,P045,6
27/04/2025,S001,P017,19
27/04/2025,S001,P035,13
27/04/2025,S001,P011,6
27/04/2025,S002,P013,6
27/04/2025,S002,P049,16
27/04/2025,S002,P026,19
27/04/2025,S002,P017,19
27/04/2025,S002,P018,11
27/04/2025,S002,P016,10
27/04/2025,S002,P021,15
27/04/2025,S002,P007,7
27/04/2025,S002,P019,13
27/04/2025,S002,P010,11
27/04/2025,S002,P027,9
27/04/2025,S002,P001,17
27/04/2025,S002,P024,11
27/04/2025,S002,P023,7
27/04/2025,S002,P030,16
27/04/2025,S003,P047,12
27/04/2025,S003,P041,7
27/04/2025,S003,P026,14
27/04/2025,S003,P045,17
27/04/2025,S003,P034,5
27/04/2025,S003,P029,10
27/04/2025,S004,P002,17
27/04/2025,S004,P034,10
27/04/2025,S004,P013,20
27/04/2025,S004,P005,11
27/04/2025,S004,P032,11
27/04/2025,S004,P019,9
27/04/2025,S004,P035,19
27/04/2025,S004,P022,9
27/04/2025,S004,P023,9
27/04/2025,S004,P009,7
27/04/2025,S004,P029,10
27/04/2025,S005,P028,18
27/04/2025,S005,P007,20
27/04/2025,S005,P013,6
27/04/2025,S005,P043,2
27/04/2025,S005,P021,20
27/04/2025,S006,P009,3
27/04/2025,S006,P011,8
27/04/2025,S006,P041,12
27/04/2025,S006,P048,20
27/04/2025,S006,P023,16
27/04/2025,S006,P029,13
27/04/2025,S006,P025,11
27/04/2025,S006,P050,11
27/04/2025,S006,P034,1
27/04/2025,S006,P010,17
27/04/2025,S007,P002,14
27/04/2025,S007,P025,18
27/04/2025,S007,P043,10
27/04/2025,S007,P005,15
27/04/2025,S007,P008,18
27/04/2025,S007,P037,3
27/04/2025,S007,P024,13
27/04/2025,S007,P041,8
27/04/2025,S007,P006,2
27/04/2025,S007,P045,11
27/04/2025,S007,P047,13
27/04/2025,S007,P031,11
27/04/2025,S007,P023,8
27/04/2025,S007,P004,11
27/04/2025,S008,P050,11
27/04/2025,S008,P029,5
27/04/2025,S008,P021,8
27/04/2025,S008,P001,1
27/04/2025,S008,P044,5
27/04/2025,S008,P039,3
27/04/2025,S008,P020,11
27/04/2025,S008,P008,8
27/04/2025,S008,P009,17
27/04/2025,S008,P036,3
27/04/2025,S008,P026,5
27/04/2025,S008,P035,18
27/04/2025,S009,P031,12
27/04/2025,S009,P003,17
27/04/2025,S009,P027,19
27/04/2025,S009,P012,4
27/04/2025,S009,P005,6
27/04/2025,S009,P050,2
27/04/2025,S009,P007,19
27/04/2025,S009,P032,5
27/04/2025,S009,P041,2
27/04/2025,S009,P004,2
27/04/2025,S009,P020,7
27/04/2025,S009,P015,10
27/04/2025,S010,P040,2
27/04/2025,S010,P011,5
27/04/2025,S010,P014,20
27/04/2025,S010,P042,16
27/04/2025,S010,P035,13
27/04/2025,S010,P033,8
28/04/2025,S001,P021,4
28/04/2025,S001,P029,5
28/04/2025,S001,P008,13
28/04/2025,S001,P010,14
28/04/2025,S001,P049,15
28/04/2025,S001,P042,17
28/04/2025,S001,P048,8
28/04/2025,S002,P017,19
28/04/2025,S002,P023,6
28/04/2025,S002,P049,15
28/04/2025,S002,P006,10
28/04/2025,S002,P018,14
28/04/2025,S002,P026,20
28/04/2025,S002,P025,4
28/04/2025,S002,P029,1
28/04/2025,S002,P044,20
28/04/2025,S002,P016,16
28/04/2025,S003,P027,2
28/04/2025,S003,P005,5
28/04/2025,S003,P009,16
28/04/2025,S003,P003,1
28/04/2025,S003,P042,7
28/04/2025,S003,P039,10
28/04/2025,S004,P029,15
28/04/2025,S004,P042,4
28/04/2025,S004,P020,13
28/04/2025,S004,P021,17
28/04/2025,S004,P032,12
28/04/2025,S004,P043,9
28/04/2025,S004,P012,7
28/04/2025,S004,P030,10
28/04/2025,S004,P031,15
28/04/2025,S004,P016,9
28/04/2025,S004,P001,5
28/04/2025,S005,P012,2
28/04/2025,S005,P047,10
28/04/2025,S005,P018,1
28/04/2025,S005,P023,6
28/04/2025,S005,P006,14
28/04/2025,S005,P007,8
28/04/2025,S005,P015,6
28/04/2025,S005,P013,17
28/04/2025,S005,P039,10
28/04/2025,S005,P049,9
28/04/2025,S005,P048,12
28/04/2025,S005,P037,18
28/04/2025,S005,P046,8
28/04/2025,S005,P017,13
28/04/2025,S005,P036,7
28/04/2025,S006,P030,8
28/04/2025,S006,P013,15
28/04/2025,S006,P027,9
28/04/2025,S006,P044,14
28/04/2025,S006,P024,20
28/04/2025,S006,P025,4
28/04/2025,S006,P039,17
28/04/2025,S006,P036,17
28/04/2025,S006,P005,13
28/04/2025,S006,P045,17
28/04/2025,S006,P010,19
28/04/2025,S006,P038,13
28/04/2025,S006,P032,2
28/04/2025,S007,P011,12
28/04/2025,S007,P007,18
28/04/2025,S007,P008,1
28/04/2025,S007,P043,11
28/04/2025,S007,P014,2
28/04/2025,S007,P028,11
28/04/2025,S007,P003,8
28/04/2025,S007,P029,20
28/04/2025,S007,P038,20
28/04/2025,S007,P050,4
28/04/2025,S007,P021,12
28/04/2025,S007,P036,3
28/04/2025,S008,P036,4
28/04/2025,S008,P028,4
28/04/2025,S008,P001,16
28/04/2025,S008,P017,16
28/04/2025,S008,P042,6
28/04/2025,S008,P048,18
28/04/2025,S009,P041,3
28/04/2025,S009,P035,15
28/04/2025,S009,P050,20
28/04/2025,S009,P044,2
28/04/2025,S009,P047,3
28/04/2025,S009,P034,16
28/04/2025,S009,P015,13
28/04/2025,S009,P020,19
28/04/2025,S009,P009,16
28/04/2025,S009,P043,3
28/04/2025,S010,P025,10
28/04/2025,S010,P008,14
28/04/2025,S010,P040,14
28/04/2025,S010,P043,20
28/04/2025,S010,P010,10
28/04/2025,S010,P019,13
28/04/2025,S010,P004,20
28/04/2025,S010,P038,1
28/04/2025,S010,P002,14
28/04/2025,S010,P023,8
28/04/2025,S010,P020,3
28/04/2025,S010,P017,1
28/04/2025,S010,P026,9
29/04/2025,S001,P040,4
29/04/2025,S001,P034,9
29/04/2025,S001,P027,19
29/04/2025,S001,P002,3
29/04/2025,S001,P035,6
29/04/2025,S001,P017,3
29/04/2025,S001,P007,6
29/04/2025,S001,P006,1
29/04/2025,S001,P024,16
29/04/2025,S002,P016,6
29/04/2025,S002,P040,2
29/04/2025,S002,P009,8
29/04/2025,S002,P046,15
29/04/2025,S002,P001,17
29/04/2025,S002,P018,7
29/04/2025,S002,P030,5
29/04/2025,S002,P004,7
29/04/2025,S002,P029,11
29/04/2025,S003,P011,17
29/04/2025,S003,P038,15
29/04/2025,S003,P047,15
29/04/2025,S003,P023,3
29/04/2025,S003,P043,15
29/04/2025,S003,P008,8
29/04/2025,S003,P017,8
29/04/2025,S003,P019,10
29/04/2025,S003,P015,17
29/04/2025,S003,P010,17
29/04/2025,S003,P028,13
29/04/2025,S003,P013,16
29/04/2025,S003,P020,13
29/04/2025,S003,P036,7
29/04/2025,S003,P035,1
29/04/2025,S004,P030,12
29/04/2025,S004,P005,9
29/04/2025,S004,P039,19
29/04/2025,S004,P029,10
29/04/2025,S004,P035,4
29/04/2025,S004,P011,12
29/04/2025,S004,P046,6
29/04/2025,S004,P031,12
29/04/2025,S004,P013,14
29/04/2025,S004,P045,7
29/04/2025,S004,P026,3
29/04/2025,S004,P020,6
29/04/2025,S004,P038,4
29/04/2025,S004,P010,14
29/04/2025,S004,P042,3
29/04/2025,S005,P039,6
29/04/2025,S005,P043,8
29/04/2025,S005,P050,20
29/04/2025,S005,P041,14
29/04/2025,S005,P008,10
29/04/2025,S005,P005,6
29/04/2025,S006,P045,1
29/04/2025,S006,P044,15
29/04/2025,S006,P028,15
29/04/2025,S006,P034,1
29/04/2025,S006,P033,14
29/04/2025,S006,P007,5
29/04/2025,S006,P018,14
29/04/2025,S006,P011,7
29/04/2025,S006,P046,12
29/04/2025,S007,P020,15
29/04/2025,S007,P003,3
29/04/2025,S007,P034,4
29/04/2025,S007,P026,8
29/04/2025,S007,P022,5
29/04/2025,S007,P015,4
29/04/2025,S007,P030,11
29/04/2025,S007,P012,11
29/04/2025,S007,P025,3
29/04/2025,S007,P011,16
29/04/2025,S007,P007,14
29/04/2025,S007,P001,18
29/04/2025,S007,P043,10
29/04/2025,S007,P005,8
29/04/2025,S008,P017,6
29/04/2025,S008,P032,15
29/04/2025,S008,P050,12
29/04/2025,S008,P031,17
29/04/2025,S008,P011,10
29/04/2025,S008,P027,14
29/04/2025,S008,P034,14
29/04/2025,S008,P022,19
29/04/2025,S008,P003,16
29/04/2025,S008,P046,3
29/04/2025,S009,P016,2
29/04/2025,S009,P034,15
29/04/2025,S009,P032,16
29/04/2025,S009,P029,6
29/04/2025,S009,P040,11
29/04/2025,S010,P032,1
29/04/2025,S010,P003,5
29/04/2025,S010,P020,12
29/04/2025,S010,P015,20
29/04/2025,S010,P030,1
30/04/2025,S001,P037,14
30/04/2025,S001,P044,4
30/04/2025,S001,P048,15
30/04/2025,S001,P050,12
30/04/2025,S001,P032,9
30/04/2025,S001,P007,15
30/04/2025,S001,P015,18
30/04/2025,S001,P043,12
30/04/2025,S001,P047,15
30/04/2025,S001,P018,4
30/04/2025,S001,P001,2
30/04/2025,S001,P002,19
30/04/2025,S001,P028,1
30/04/2025,S001,P025,19
30/04/2025,S001,P012,12
30/04/2025,S002,P016,18
30/04/2025,S002,P036,7
30/04/2025,S002,P003,2
30/04/2025,S002,P014,4
30/04/2025,S002,P050,10
30/04/2025,S003,P035,4
30/04/2025,S003,P038,13
30/04/2025,S003,P050,5
30/04/2025,S003,P024,5
30/04/2025,S003,P028,1
30/04/2025,S004,P038,17
30/04/2025,S004,P023,8
30/04/2025,S004,P009,8
30/04/2025,S004,P047,18
30/04/2025,S004,P049,1
30/04/2025,S004,P027,20
30/04/2025,S004,P001,9
30/04/2025,S004,P031,4
30/04/2025,S004,P021,7
30/04/2025,S004,P011,18
30/04/2025,S004,P006,11
30/04/2025,S004,P040,12
30/04/2025,S005,P004,5
30/04/2025,S005,P008,11
30/04/2025,S005,P037,1
30/04/2025,S005,P044,5
30/04/2025,S005,P036,15
30/04/2025,S005,P031,2
30/04/2025,S005,P015,20
30/04/2025,S005,P047,4
30/04/2025,S005,P049,17
30/04/2025,S005,P041,12
30/04/2025,S005,P013,10
30/04/2025,S005,P022,3
30/04/2025,S005,P032,10
30/04/2025,S006,P020,16
30/04/2025,S006,P040,15
30/04/2025,S006,P003,10
30/04/2025,S006,P007,13
30/04/2025,S006,P045,2
30/04/2025,S006,P026,15
30/04/2025,S006,P048,8
30/04/2025,S006,P001,14
30/04/2025,S007,P035,2
30/04/2025,S007,P001,14
30/04/2025,S007,P019,1
30/04/2025,S007,P046,1
30/04/2025,S007,P023,2
30/04/2025,S007,P045,13
30/04/2025,S007,P037,20
30/04/2025,S007,P041,16
30/04/2025,S008,P035,9
30/04/2025,S008,P044,17
30/04/2025,S008,P043,7
30/04/2025,S008,P022,2
30/04/2025,S008,P040,15
30/04/2025,S008,P025,19
30/04/2025,S008,P036,6
30/04/2025,S008,P045,5
30/04/2025,S008,P013,11
30/04/2025,S008,P024,9
30/04/2025,S008,P015,5
30/04/2025,S008,P048,18
30/04/2025,S009,P047,10
30/04/2025,S009,P025,4
30/04/2025,S009,P005,1
30/04/2025,S009,P001,9
30/04/2025,S009,P018,9
30/04/2025,S009,P004,12
30/04/2025,S009,P035,5
30/04/2025,S009,P029,16
30/04/2025,S009,P041,3
30/04/2025,S009,P038,18
30/04/2025,S009,P045,13
30/04/2025,S009,P006,1
30/04/2025,S009,P027,5
30/04/2025,S009,P023,19
30/04/2025,S010,P032,5
30/04/2025,S010,P019,5
30/04/2025,S010,P046,7
30/04/2025,S010,P015,15
30/04/2025,S010,P006,1
30/04/2025,S010,P021,5
30/04/2025,S010,P038,16
30/04/2025,S010,P002,16
30/04/2025,S010,P020,12
30/04/2025,S010,P025,10
30/04/2025,S010,P035,9
30/04/2025,S010,P043,17
